url,status,final_url,title,result,error,wayback_url,wayback_ts
http://212.199.162.70/viewtopic.php?t=39717,200,http://212.199.162.70/viewtopic.php?t=39717,מאגר הסידורים הממוחשב הגדול בעולם – כעת ניתן לרכישה! - פורום אוצר החכמה,ok,,,
http://abuelafia.blogspot.com/,200,http://abuelafia.blogspot.com/,"לדעת ברוח - קבלת האותיות - מאת אמנון גרוס ע""פ דרכו של הרב אברהם אבולעפיה זצלה""ה",ok,,,
http://bav.bodleian.ox.ac.uk/about-the-project,200,https://bav.bodleian.ox.ac.uk/about-the-project,Home | Polonsky Foundation Digitization Project,redirect,,,
http://bav.bodleian.ox.ac.uk/digitized-items-hebrew-manuscripts,200,https://bav.bodleian.ox.ac.uk/digitized-items-hebrew-manuscripts,Home | Polonsky Foundation Digitization Project,redirect,,,
http://bibja.genizah.org/,200,http://bibja.genizah.org/Account/SSOSignIn?ReturnUrl=%2f,ביבליוגרפיה לערבית יהודית,redirect,,,
http://daf-yomi.com/BookFiles.aspx?type=1&id=142,200,http://daf-yomi.com/BookFiles.aspx?type=1&id=142,פורטל הדף היומי: מאגר ספרים - קובץ יסודות וחקירות,ok,,,
http://daf-yomi.com/BookFiles.aspx?type=1&id=242,200,http://daf-yomi.com/BookFiles.aspx?type=1&id=242,פורטל הדף היומי: מאגר ספרים - ברוח טובה,ok,,,
http://daf-yomi.com/BookFiles.aspx?type=1&id=36,200,http://daf-yomi.com/BookFiles.aspx?type=1&id=36,פורטל הדף היומי: מאגר ספרים - אמרי במערבא,ok,,,
http://daf-yomi.com/BookFiles.aspx?type=1&id=363,200,http://daf-yomi.com/BookFiles.aspx?type=1&id=363,"פורטל הדף היומי: מאגר ספרים - הידיעות המדעיות שבחז""ל",ok,,,
http://daf-yomi.com/BookFiles.aspx?type=1&id=369,200,http://daf-yomi.com/BookFiles.aspx?type=1&id=369,פורטל הדף היומי: מאגר ספרים - היחס שבין היקף המעגל...,ok,,,
http://daf-yomi.com/BookFiles.aspx?type=1&id=403,200,http://daf-yomi.com/BookFiles.aspx?type=1&id=403,פורטל הדף היומי: מאגר ספרים - דע מאין באו,ok,,,
http://daf-yomi.com/BookFiles.aspx?type=1&id=440,200,http://daf-yomi.com/BookFiles.aspx?type=1&id=440,פורטל הדף היומי: מאגר ספרים - באהלי שם,ok,,,
http://daf-yomi.com/BookFiles.aspx?type=1&id=442,200,http://daf-yomi.com/BookFiles.aspx?type=1&id=442,פורטל הדף היומי: מאגר ספרים - פלפולא דאורייתא,ok,,,
http://daf-yomi.com/BookFiles.aspx?type=1&id=513,200,http://daf-yomi.com/BookFiles.aspx?type=1&id=513,פורטל הדף היומי: מאגר ספרים - מנא להו?,ok,,,
http://daf-yomi.com/BookFiles.aspx?type=1&id=520,200,http://daf-yomi.com/BookFiles.aspx?type=1&id=520,פורטל הדף היומי: מאגר ספרים - דרכי התלמודים,ok,,,
http://daf-yomi.com/BookFiles.aspx?type=1&id=544,200,http://daf-yomi.com/BookFiles.aspx?type=1&id=544,פורטל הדף היומי: מאגר ספרים - מבוא ללימוד התלמוד הירושלמי,ok,,,
http://daf-yomi.com/BookFiles.aspx?type=1&id=558,200,http://daf-yomi.com/BookFiles.aspx?type=1&id=558,פורטל הדף היומי: מאגר ספרים - אמונה טהורה,ok,,,
http://daf-yomi.com/BookFiles.aspx?type=1&id=559,200,http://daf-yomi.com/BookFiles.aspx?type=1&id=559,פורטל הדף היומי: מאגר ספרים - שעשועי,ok,,,
http://daf-yomi.com/BookFiles.aspx?type=1&id=561,200,http://daf-yomi.com/BookFiles.aspx?type=1&id=561,"פורטל הדף היומי: מאגר ספרים - מיסודות הש""ס",ok,,,
http://daf-yomi.com/BookFilesAll.aspx?PageId=211,200,http://daf-yomi.com/BookFilesAll.aspx?PageId=211,פורטל הדף היומי: מאגר ספרים,ok,,,
http://daf-yomi.com/content.aspx?PageId=110,200,http://daf-yomi.com/content.aspx?PageId=110,פורטל הדף היומי: נוסחאות וגירסאות,ok,,,
http://daf-yomi.com/content.aspx?PageId=210,200,http://daf-yomi.com/content.aspx?PageId=210,פורטל הדף היומי: ספריה וירטואלית,ok,,,
http://daf-yomi.com/content.aspx?PageId=93,200,http://daf-yomi.com/content.aspx?PageId=93,פורטל הדף היומי: מפות,ok,,,
http://elucidation-not-translation.blogspot.com/,200,http://elucidation-not-translation.blogspot.com/,What's Bothering Artscroll?,ok,,,
http://englishhebraica.blogspot.com/,200,http://englishhebraica.blogspot.com/,English Hebraica,ok,,,
http://forum.otzar.org/viewtopic.php?f=7&t=25619,200,http://forum.otzar.org/viewtopic.php?f=7&t=25619,"סריקה והקלדה של רש""י על התורה כת""י לייפציג, וכת""י נוספים - פורום אוצר החכמה",ok,,,
http://hebrew.grimoar.cz/,200,http://hebrew.grimoar.cz/,Hebrejská knihovna kabalistických textù,ok,,,
http://herzogpress.herzog.ac.il/ktav.asp?id=3,500,https://herzogpress.herzog.ac.il/ktav.asp?id=3,500 - Internal server error.,dead-500,,,
http://hollanderbooks.blogspot.com/,200,http://hollanderbooks.blogspot.com/,Hollander Books Blog,ok,,,
http://imhm.blogspot.com/,200,http://imhm.blogspot.com/,גילוי מילתא בעלמא Giluy Milta B'alma,ok,,,
http://jgbherzog.jgaliciabukovina.net/index.php/he/article,200,http://jgbherzog.jgaliciabukovina.net/index.php/he/article,מאמרים ומסות | עד הנה - המרכז לחקר המורשת התורנית בגליציה ובוקובינה,ok,,,
http://jgbherzog.jgaliciabukovina.net/index.php/he/node/2,200,http://jgbherzog.jgaliciabukovina.net/index.php/he/node/2,אודותינו | עד הנה - המרכז לחקר המורשת התורנית בגליציה ובוקובינה,ok,,,
http://judaicaused.blogspot.com/,200,http://judaicaused.blogspot.com/,Musings of a Jewish Bookseller,ok,,,
http://kol-safran.blogspot.com/,200,http://kol-safran.blogspot.com/,Kol Safran קול ספרן,ok,,,
http://manuscriptboy.blogspot.com/,200,http://manuscriptboy.blogspot.com/,Hagahot,ok,,,
http://nleresources.com/2018/12/the-top-sites-to-do-torah-research-in-the-internet-era/#.YkTAlihBxPY,200,http://nleresources.com/2018/12/the-top-sites-to-do-torah-research-in-the-internet-era/#.YkTAlihBxPY,The Top Sites to do Torah Research in the Internet Era | OLAMI Resources,ok,,,
http://notrikon.blogspot.com/,200,http://notrikon.blogspot.com/,נוטריקון,ok,,,
http://old.piyut.org.il/search/,0,,,dead-dns,"ConnectionError: HTTPConnectionPool(host='old.piyut.org.il', port=80): Max retries exceeded with url: /search/ (Caused by NameResolutionError(""HTTPConnection(host='old.piyut.org.il', port=80): Failed to resolve 'old.piyut.org.il' ([Errno 11001] getaddrinfo failed)""))",,
http://onthemainline.blogspot.com/,200,http://onthemainline.blogspot.com/,On the Main Line,ok,,,
http://parsha.blogspot.com/,200,http://parsha.blogspot.com/,parshablog,ok,,,
http://podcast.headlinesbook.com/e/61023-%e2%80%93-shiur-422-%e2%80%93-can-ai-pasken-will-artifical-intelligence-ever-replace-rabbonim/,200,http://podcast.headlinesbook.com/e/61023-%E2%80%93-shiur-422-%E2%80%93-can-ai-pasken-will-artifical-intelligence-ever-replace-rabbonim/,6/10/23 – Shiur 422 – Can AI Pasken ? Will Artificial Intelligence ever replace Rabbonim? | Halacha Headlines,redirect,,,
http://rambish.org.il/,200,https://rambish.org.il/,"רמביש | רמבי""ש : רשימת מאמרים שלבני הישיבות | מפתח מאמרים תורניים",redirect,,,
http://sussmann.genizah.org/Home/ZussmanCatalog,200,http://fjms.genizah.org/?lang=eng,Friedberg Jewish Manuscript Society,moved-host,,,
http://tiresias.haifa.ac.il/,500,https://tiresias.haifa.ac.il/,500 Internal Server Error,dead-500,,,
http://uli.nli.org.il/F?func=find-b-0&local_base=mbi01,404,https://uli.nli.org.il/F?func=find-b-0&local_base=mbi01,Exlibris Alma - Error report,dead-404,,,
http://www.biu.ac.il/JS/midrash/VR/,200,"https://validate.perfdrive.com/?ssa=179ffef2-310c-46df-8182-a2cd88b0ae05&ssb=38398252626&ssc=https%3A%2F%2Fwww.biu.ac.il%2FJS%2Fmidrash%2FVR%2F&ssi=d891fa94-d06e-46a0-b160-34ad184d933f&ssk=botmanager_support@radware.com&ssm=94474144176241159102276718975726&ssn=0ba68b71410091f995bbf0fb133245e225f0e6f9afff-692f-4bbc-b02c9a&sso=b8c30337-08a961ee33e796d3d1e5319aaf4d2426017b3d445fae2277&ssp=97152047521791514745179154260408378&ssq=34242955225958662407952259291795502447199&ssr=MzcuMTQyLjE1NC4xMjg=&sst=Mozilla/5.0%20(Windows%20NT%2010.0;%20Win64;%20x64)%20AppleWebKit/537.36%20(KHTML,%20like%20Gecko)%20Chrome/130.0%20Safari/537.36&ssu=&ssv=&ssw=&ssx=eyJfX3V6bWYiOiI3ZjkwMDBlNmY5YWZmZi02OTJmLTRiYmMtYjMzNy0wOGE5NjFlZTMzZTcxLTE3OTE1NTIyNTkzOTAwLTAwNWZiNzVlZTIwMjQ0Y2Y4ZGQxMCIsInV6bXgiOiI3ZmMwMDA2MmVlMWJkZi00YmQ2LTRhMzUtODk5YS1lNDM4NGVhZTM3YzcxLTE3OTE1NTIyNTkzOTAwLTAwODIyYTU2NzExM2VkMGNkZTIxMCIsInJkIjoiYml1LmFjLmlsIn0=",Radware Captcha Page,blocked,,,
http://www.halachabrura.org/alephlink.htm,200,http://www.halachabrura.org/alephlink.htm,ñôøéä åéøèåàìéú,ok,,,
http://www.halachabrura.org/library/library0.htm,200,http://www.halachabrura.org/library/library0.htm,"îëåï äìëä áøåøä - ñôøéä åéøèåàìéú - úð""ê åçæ""ì",ok,,,
http://www.halachabrura.org/library/library6.htm,200,http://www.halachabrura.org/library/library6.htm,îëåï äìëä áøåøä - ñôøéä åéøèåàìéú - ÷áìä,ok,,,
http://www.halachabrura.org/library/library8l.htm#%D7%90%D7%91%D7%95%D7%AA,200,http://www.halachabrura.org/library/library8l.htm#%D7%90%D7%91%D7%95%D7%AA,"îëåï äìëä áøåøä - ñôøéä åéøèåàìéú - îôøùé àâãåú äúìîåã, éøåùìîé, úåñôúà, îãøùéí åôø÷é àáåú",ok,,,
http://www.hebrew-bibliography.com/,200,https://www.hebrew-bibliography.com/,Hebrew-Bibliography,redirect,,,
http://www.huji.ac.il/htbin/doctors/index.cgi?tofes,200,https://www.huji.ac.il/htbin/doctors/index.cgi?tofes,,redirect,,,
http://www.israel613.com/,200,http://www.israel613.com/,Israel 613,ok,,,
http://www.jewishdigitalcollections.com/,200,https://www.jewishdigitalcollections.com/,Jewish Digital Collections and Jewish Study Guides - Jewish Digital Collections & Jewish Study Guides,redirect,,,
http://www.jewishdigitalcollections.com/about.html,200,https://www.jewishdigitalcollections.com/about.html,Jewish Digital Collections & Jewish Study Guides - Jewish Digital Collections and Jewish Study Guides,redirect,,,
http://www.jewishdigitalcollections.com/jewish-studies-guides.html,200,https://www.jewishdigitalcollections.com/jewish-studies-guides.html,Jewish Studies Guides - Jewish Digital Collections and Jewish Study Guides,redirect,,,
http://www.machonso.org/hamaayan/?task=list,200,https://www.machonso.org/hamaayan/?task=list,- îëåï ùìîä àåîï,redirect,,,
http://www.oqimta.org.il/PrevPublic.aspx,200,https://www.oqimta.org.il/PrevPublic.aspx,,redirect,,,
http://www.rationalistjudaism.com/,200,https://www.rationalistjudaism.com/,Rationalist Judaism | Natan Slifkin | Substack,redirect,,,
http://www.steinheim-institut.de/cgi-bin/epidat?lang=en&release=beta&id=&info=&show=&project=,200,https://www.steinheim-institut.de/cgi-bin/epidat?lang=en&release=beta&id=&info=&show=&project=,Making sure you're not a bot!,redirect,,,
http://www.talmudha-igud.org.il/nosafot.asp?lang=en&id=5,200,https://www.talmudha-igud.org.il/nosafot.asp?lang=en&id=5,Igud HaTalmud - The Igud Publications,redirect,,,
http://www.tyndalearchive.com/TABS/Jastrow//,200,https://northridgeautowrecking.com/,"HOKIBET88 > Link Hoki Slot Gacor Online Populer, Situs Slot88 Terbaik Tahun Ini",moved-host,,,
https://18forty.org/podcast/moshe-koppel/,200,https://18forty.org/podcast/moshe-koppel/,Moshe Koppel: Artificial Intelligence and Torah - 18Forty,ok,,,
https://18forty.org/topics/ai/,200,https://18forty.org/topics/ai/,Artificial Intelligence - 18Forty,ok,,,
https://7minim.wordpress.com/tag/%d7%a7%d7%91%d7%9c%d7%94/,200,https://7minim.wordpress.com/tag/%D7%A7%D7%91%D7%9C%D7%94/,קבלה | מינים,redirect,,,
https://abbreviation.dicta.org.il/,200,https://abbreviation.dicta.org.il/,פיענוח ראשי תיבות רבניים - חינמי מבית דיקטה,ok,,,
https://aiandfaith.org/aif-podcast/podcast-ai-jewish-learning-sara-wolkenfeld/,200,https://aiandfaith.org/aif-podcast/podcast-ai-jewish-learning-sara-wolkenfeld/,Scrolls and Screens: AI’s role in Jewish Learning with Rabbanit Sara Wolkenfeld #26 - AI and Faith,ok,,,
https://alhatorah.org/,200,https://alhatorah.org/,ALHATORAH.ORG,ok,,,
https://alhatorah.org/About:Our_Mission/0/en,200,https://alhatorah.org/About:Our_Mission/0/en,About:Our Mission/0/en – AlHaTorah.org,ok,,,
https://alhatorah.org/About:Who_We_Are/en,200,https://alhatorah.org/About:Who_We_Are/en,About:Who We Are/en – AlHaTorah.org,ok,,,
https://alhatorah.org/Commentators:Bereshit_Rabbah,200,https://alhatorah.org/Commentators:Bereshit_Rabbah,Commentators:Bereshit Rabbah – AlHaTorah.org,ok,,,
https://alhatorah.org/Commentators:Home/0,200,https://alhatorah.org/Commentators:Home/0,Commentators:Home/0 – AlHaTorah.org,ok,,,
https://alhatorah.org/Commentators:Home/TopicList,200,https://alhatorah.org/Commentators:Home/TopicList,Commentators:Home/TopicList – AlHaTorah.org,ok,,,
https://alhatorah.org/Commentators:Ibn_Ezra's_Torah_Commentary,200,https://alhatorah.org/Commentators:Ibn_Ezra's_Torah_Commentary/1/he,Commentators:Ibn Ezra's Torah Commentary/1/he – AlHaTorah.org,redirect,,,
https://alhatorah.org/Commentators:Mekhilta_DeRabbi_Yishmael,200,https://alhatorah.org/Commentators:Mekhilta_DeRabbi_Yishmael,Commentators:Mekhilta DeRabbi Yishmael – AlHaTorah.org,ok,,,
https://alhatorah.org/Commentators:R._Yitzchak_Alfasi_(Rif,404,https://alhatorah.org/Commentators:R._Yitzchak_Alfasi_(Rif,Commentators:R. Yitzchak Alfasi (Rif – AlHaTorah.org,dead-404,,,
https://alhatorah.org/Commentators:R._Yosef_Bekhor_Shor's_Torah_Commentary,200,https://alhatorah.org/Commentators:R._Yosef_Bekhor_Shor's_Torah_Commentary/1/he,Commentators:R. Yosef Bekhor Shor's Torah Commentary/1/he – AlHaTorah.org,redirect,,,
https://alhatorah.org/Commentators:R._Yosef_Kara's_Torah_Commentary/1/en,200,https://alhatorah.org/Commentators:R._Yosef_Kara's_Torah_Commentary/1/en,Commentators:R. Yosef Kara's Torah Commentary/1/en – AlHaTorah.org,ok,,,
https://alhatorah.org/Commentators:Ramban's_Updates,200,https://alhatorah.org/Commentators:Ramban's_Updates/1/he,Commentators:Ramban's Updates/1/he – AlHaTorah.org,redirect,,,
https://alhatorah.org/Commentators:Rashbam's_Commentary_on_Avodah_Zarah/0/he,200,https://alhatorah.org/Commentators:Rashbam's_Commentary_on_Avodah_Zarah/0/he,Commentators:Rashbam's Commentary on Avodah Zarah/0/he – AlHaTorah.org,ok,,,
https://alhatorah.org/Commentators:Rashbam's_Torah_Commentary/1/en,200,https://alhatorah.org/Commentators:Rashbam's_Torah_Commentary/1/en,Commentators:Rashbam's Torah Commentary/1/en – AlHaTorah.org,ok,,,
https://alhatorah.org/Commentators:Rashi_Leipzig_1/1/en,200,https://alhatorah.org/Commentators:Rashi_Leipzig_1/1/en,Commentators:Rashi Leipzig 1/1/en – AlHaTorah.org,ok,,,
https://alhatorah.org/Commentators:Sifra,200,https://alhatorah.org/Commentators:Sifra,Commentators:Sifra – AlHaTorah.org,ok,,,
https://amhasefer.wordpress.com/,200,https://amhasefer.wordpress.com/,"עם הספר | בלוג מנהל ספריית הרמב""ם",ok,,,
https://appstore.artscroll.com/,200,https://appstore.artscroll.com/,Appstore ArtScroll.com,ok,,,
https://aramaiczohar.wordpress.com/,200,https://aramaiczohar.wordpress.com/,The Aramaic Language of the Zohar | Resources for studying Kabbalah in the original language,ok,,,
https://archive.org/details/culhebrewmss?tab=collection,200,https://archive.org/details/culhebrewmss?tab=collection,"Internet Archive: Digital Library of Free & Borrowable Texts, Movies, Music & Wayback Machine",ok,,,
https://archives.cjh.org/,200,https://archives.cjh.org/,ArchivesSpace Public Interface | The Center for Jewish History ArchivesSpace,ok,,,
https://asif.co.il/%d7%a1%d7%a4%d7%a8%d7%99%d7%99%d7%aa-%d7%99%d7%95%d7%9e%d7%90/%d7%93%d7%a4%d7%99-%d7%99%d7%a9%d7%99%d7%91%d7%95%d7%aa/,200,https://asif.co.il/%D7%A1%D7%A4%D7%A8%D7%99%D7%99%D7%AA-%D7%99%D7%95%D7%9E%D7%90/%D7%93%D7%A4%D7%99-%D7%99%D7%A9%D7%99%D7%91%D7%95%D7%AA/,ישיבות וכתבי עת – ספריית אסיף,redirect,,,
https://asif.co.il/%d7%a1%d7%a4%d7%a8%d7%99%d7%99%d7%aa-%d7%99%d7%95%d7%9e%d7%90/%d7%a1%d7%a4%d7%a8%d7%99%d7%9d/,200,https://asif.co.il/%D7%A1%D7%A4%D7%A8%D7%99%D7%99%D7%AA-%D7%99%D7%95%D7%9E%D7%90/%D7%A1%D7%A4%D7%A8%D7%99%D7%9D/,ספרים – ספריית אסיף,redirect,,,
https://asif.co.il/%d7%a1%d7%a4%d7%a8%d7%99%d7%99%d7%aa-%d7%99%d7%95%d7%9e%d7%90/%d7%a1%d7%a4%d7%a8%d7%99%d7%9d/%d7%9e%d7%a9%d7%a0%d7%aa-%d7%aa%d7%a0%d7%90%d7%99%d7%9d/,200,https://asif.co.il/%D7%A1%D7%A4%D7%A8%D7%99%D7%99%D7%AA-%D7%99%D7%95%D7%9E%D7%90/%D7%A1%D7%A4%D7%A8%D7%99%D7%9D/%D7%9E%D7%A9%D7%A0%D7%AA-%D7%AA%D7%A0%D7%90%D7%99%D7%9D/,משנת תנאים – ספריית אסיף,redirect,,,
https://asif.co.il/%d7%a1%d7%a4%d7%a8%d7%99%d7%99%d7%aa-%d7%99%d7%95%d7%9e%d7%90/%d7%a2%d7%91%d7%95%d7%93%d7%95%d7%aa-%d7%97%d7%a7%d7%a8/,200,https://asif.co.il/%D7%A1%D7%A4%D7%A8%D7%99%D7%99%D7%AA-%D7%99%D7%95%D7%9E%D7%90/%D7%A2%D7%91%D7%95%D7%93%D7%95%D7%AA-%D7%97%D7%A7%D7%A8/,עבודות חקר – ספריית אסיף,redirect,,,
https://associationforjewishstudies.org/docs/default-source/ajs-perspectives/ajs_perspectives-ai-issue-web.pdf,200,https://associationforjewishstudies.org/docs/default-source/ajs-perspectives/ajs_perspectives-ai-issue-web.pdf,,ok,,,
https://associationforjewishstudies.org/publications-research/adventures-in-jewish-studies-podcast,404,https://associationforjewishstudies.org/publications-research/adventures-in-jewish-studies-podcast,,dead-404,,,
https://bavli.genizah.org/,200,https://fjms.genizah.org,Friedberg Jewish Manuscript Society,moved-host,,,
https://bavli.genizah.org/Content/pdfFile/Introductions_B/Introductions_Eng/The%20Hachi%20Garsinan%20Project%20as%20a%20Critical%20Edition%20of%20the%20Talm.pdf,200,https://bavli.genizah.org/Content/pdfFile/Introductions_B/Introductions_Eng/The%20Hachi%20Garsinan%20Project%20as%20a%20Critical%20Edition%20of%20the%20Talm.pdf,,ok,,,
https://bavli.genizah.org/GeneralPages/DKS/DKS_Browse,200,https://fjms.genizah.org,Friedberg Jewish Manuscript Society,moved-host,,,
https://bavli.onrender.com/,200,https://bavli.onrender.com/,בבלי כלבבי,ok,,,
https://bekiut.com/,200,https://bekiut.com/,Study Classical Jewish Texts Online Free | Bekiut,ok,,,
https://benyehuda.org/,200,https://benyehuda.org/,פרויקט בן־יהודה - דף הבית,ok,,,
https://benyehuda.org/author/1457,200,https://benyehuda.org/author/1457,אלעזר בירבי קליר - דף יוצר - פרויקט בן־יהודה,ok,,,
https://benyehuda.org/author/1470,200,https://benyehuda.org/author/1470,יניי - דף יוצר - פרויקט בן־יהודה,ok,,,
https://benyehuda.org/author/161,200,https://benyehuda.org/author/161,יהודה הלוי - דף יוצר - פרויקט בן־יהודה,ok,,,
https://benyehuda.org/author/180,200,https://benyehuda.org/author/180,שלמה אבן גבירול - דף יוצר - פרויקט בן־יהודה,ok,,,
https://benyehuda.org/dict/24412,200,https://benyehuda.org/dict/24412,מילון העברית הישנה והחדשה / אליעזר בן־יהודה - פרויקט בן־יהודה,ok,,,
https://benyehuda.org/period/medieval,200,https://benyehuda.org/period/medieval,פרויקט בן־יהודה,ok,,,
https://benyehuda.org/read/35887,200,https://benyehuda.org/read/35887,אוֹנֵי פִטְרִי / יניי - פרויקט בן־יהודה,ok,,,
https://beta.hebrewbooks.org/#gsc.tab=0,200,https://beta.hebrewbooks.org/#gsc.tab=0,HebrewBooks.org Home Page,ok,,,
https://binata-ai.com/,200,https://binata-ai.com/,בינתא | בינה מלאכותית לעולם התורה,ok,,,
https://biu.primo.exlibrisgroup.com/,200,https://biu.primo.exlibrisgroup.com/nde/search?vid=972BIU_INST%3ABIUNDE,PrimoVeNde,redirect,,,
https://blog.hamapah.org/,403,https://blog.hamapah.org/,Visitor anti-robot validation,blocked,,,
https://blog.mivami.org/2020/03/some-excellent-talmud-projects-out-there.html,200,https://blog.mivami.org/2020/03/some-excellent-talmud-projects-out-there.html,mi vami: Some excellent Talmud projects out there,ok,,,
https://blog.nli.org.il/,403,https://blog.nli.org.il/,Checking your browser...,blocked,,,
https://blog.nli.org.il/en/,403,https://blog.nli.org.il/en/,Checking your browser...,blocked,,,
https://blogs.cul.columbia.edu/jewishstudiesatcul/,200,https://blogs.library.columbia.edu/jewishstudiesatcul/,Making sure you're not a bot!,moved-host,,,
https://books.google.com/,200,https://books.google.com/,"Google Books: Find, Preview, and Read Books Online.",ok,,,
https://books.google.com/advanced_book_search,200,https://books.google.com/advanced_book_search,Advanced Book Search,ok,,,
https://brill.com/view/db/ehhl,200,https://referenceworks.brill.com/display/db/ehhl,Encyclopedia of Hebrew Language and Linguistics Online,moved-host,,,
https://brill.com/view/db/ejhc,200,https://referenceworks.brill.com/display/db/ejhc,Encyclopedia of Jewish History and Cultures Online,moved-host,,,
https://brill.com/view/db/ejio,200,https://referenceworks.brill.com/display/db/ejio,Encyclopedia of Jews in the Islamic World Online,moved-host,,,
https://brill.com/view/db/ejo,200,https://referenceworks.brill.com/display/db/ejo,Encyclopaedia of Judaism Online,moved-host,,,
https://castbox.fm/channel/%D7%A2%D7%9D-%D7%94%D7%A1%D7%A4%D7%A8---%D7%A1%D7%A4%D7%A8%D7%99%D7%99%D7%AA-%D7%94%D7%A8%D7%9E%D7%91%22%D7%9D-%D7%91%D7%99%D7%AA-%D7%90%D7%A8%D7%99%D7%90%D7%9C%D7%94-id1922735,200,https://castbox.fm/channel/%D7%A2%D7%9D-%D7%94%D7%A1%D7%A4%D7%A8---%D7%A1%D7%A4%D7%A8%D7%99%D7%99%D7%AA-%D7%94%D7%A8%D7%9E%D7%91%22%D7%9D-%D7%91%D7%99%D7%AA-%D7%90%D7%A8%D7%99%D7%90%D7%9C%D7%94-id1922735,"עם הספר - ספריית הרמב""ם בית אריאלה | Listen Free on Castbox.",ok,,,
https://chabadlibrary.org/books/,200,https://chabadlibrary.org/books/,ספריית ליובאוויטש,ok,,,
https://chrome.google.com/webstore/detail/talmud-sidebar-extension/dmpiiciebnbekblfbcdeogjkbbmeeimi,200,https://chromewebstore.google.com/detail/talmud-sidebar-extension/dmpiiciebnbekblfbcdeogjkbbmeeimi,,moved-host,,,
https://citation.dicta.org.il/,200,https://citation.dicta.org.il/,איתור אזכורים תנ״כיים ותלמודיים - חינמי מבית דיקטה,ok,,,
https://daat.ac.il/EPUB/home.asp,200,https://daat.ac.il/EPUB/home.asp,ñôøéí àì÷èøåðéí,ok,,,
https://daat.ac.il/daat/bibliogr/allbooks.asp?sub=0,200,https://daat.ac.il/daat/bibliogr/allbooks.asp?sub=0,ñôøéä åéøèåàìéú,ok,,,
https://daat.ac.il/he-il/kitveyet/,200,https://daat.ac.il/he-il/kitveyet/,כתבי עת,ok,,,
https://daat.ac.il/he-il/kitveyet/hamayan/gilyonot,200,https://daat.ac.il/he-il/kitveyet/hamayan/gilyonot,"גיליונות לפי סדר הופעתם תשי""ג-תשס""ו (פורמט PDF)",ok,,,
https://daat.ac.il/he-il/kitveyet/taleley_orot,200,https://daat.ac.il/he-il/kitveyet/taleley_orot,טללי אורות,ok,,,
https://daf-yomi.com/forums/forum.aspx?id=1,200,https://daf-yomi.com/forums/forum.aspx?id=1,פורטל הדף היומי: פורטל הדף היומי,ok,,,
https://davidzvi.com/artificial-intelligence/,200,https://davidzvi.com/artificial-intelligence/,Artificial Intelligence - David Zvi Kalman,ok,,,
https://davidzvi.com/wp-content/uploads/2025/02/Artificial-Intellige-and-Jewish-Thought.pdf,200,https://davidzvi.com/wp-content/uploads/2025/02/Artificial-Intellige-and-Jewish-Thought.pdf,,ok,,,
https://de.wikisource.org/wiki/Digitale_Sammlungen,200,https://de.wikisource.org/wiki/Digitale_Sammlungen,Digitale Sammlungen – Wikisource,ok,,,
https://developers.sefaria.org/,200,https://developers.sefaria.org/,Sefaria,ok,,,
https://developers.sefaria.org/docs/powered-by-sefaria,200,https://developers.sefaria.org/docs/powered-by-sefaria,Projects Powered By Sefaria,ok,,,
https://developers.sefaria.org/docs/the-sefaria-mcp,200,https://developers.sefaria.org/docs/the-sefaria-mcp,The Sefaria MCPs,ok,,,
https://developers.sefaria.org/llms.txt,200,https://developers.sefaria.org/llms.txt,,ok,,,
https://developers.sefaria.org/reference/getting-started,200,https://developers.sefaria.org/reference/getting-started,Getting Started With the Sefaria API,ok,,,
https://dhjewish.org/projects,403,https://dhjewish.org/projects,Visitor anti-robot validation,blocked,,,
https://dicta.org.il/,200,https://dicta.org.il/,DICTA,ok,,,
https://dicta.org.il/about,200,https://dicta.org.il/about,DICTA,ok,,,
https://dicta.org.il/tools,200,https://dicta.org.il/tools,DICTA,ok,,,
https://digipres.cjh.org/delivery/DeliveryManagerServlet?dps_pid=IE4934153,200,https://digipres.cjh.org/delivery/DeliveryManagerServlet?dps_pid=IE4934153,Sefer Derekh yesharah : magid la-ʼadam ... u-madrik̲o be-derek̲ yešarah ... /,ok,,,
https://digital.bodleian.ox.ac.uk/collections/hebrew/,200,https://digital.bodleian.ox.ac.uk/collections/hebrew/,Hebrew Manuscripts and Printed Books,ok,,,
https://digitalcollections.jtsa.edu/islandora/object/jts%3A617619,200,https://makor.primo.exlibrisgroup.com/discovery/collectionDiscovery?vid=01JTS_INST:01JTS&lang=en,,moved-host,,,
https://dijest.net/digitize-your-texts-with-transkribus/,403,https://dijest.net/digitize-your-texts-with-transkribus/,Visitor anti-robot validation,blocked,,,
https://dl.acm.org/doi/10.1145/3627168,403,https://dl.acm.org/doi/10.1145/3627168,Just a moment...,blocked,,,
https://docs.google.com/document/u/1/d/1ZfHfZsLh2qYBM6Q6Qp18csQvYQMBUOvjfwPCRn9iyJk/mobilebasic,200,https://docs.google.com/document/u/1/d/1ZfHfZsLh2qYBM6Q6Qp18csQvYQMBUOvjfwPCRn9iyJk/mobilebasic,Sources on the Net,ok,,,
https://download.yutorah.org/2024/1053/1119209/the-benjamin-and-rose-berger-chanuka-to-go-5785.pdf,200,https://download.yutorah.org/2024/1053/1119209/the-benjamin-and-rose-berger-chanuka-to-go-5785.pdf,,ok,,,
https://eajs-2023.eu/133556336/DH_Tutorials,200,https://eajs-2023.eu/133556336/DH_Tutorials,Goethe-Universität — DH Tutorials,ok,,,
https://ebooks.psik.io/home,200,https://ebooks.psik.io/home,×¤×¡××§ - ××¡×¤×¨××× ×××××××××ª,ok,,,
https://edblogs.columbia.edu/footprints/,200,https://edblogs.columbia.edu/footprints/,Footprints Blog – Tracing Jewish Books Through Time and Place,ok,,,
https://editions.erabbinica.org/,0,,,dead-dns,"ConnectionError: HTTPSConnectionPool(host='editions.erabbinica.org', port=443): Max retries exceeded with url: / (Caused by NameResolutionError(""HTTPSConnection(host='editions.erabbinica.org', port=443): Failed to resolve 'editions.erabbinica.org' ([Errno 11001] getaddrinfo failed)""))",,
https://eitz-harabanim.com/,200,https://eitz-harabanim.com/,Rabbis of the Talmud,ok,,,
https://ejewishphilanthropy.com/moses-set-the-table-can-ai-help-serve-the-torah/,200,https://ejewishphilanthropy.com/moses-set-the-table-can-ai-help-serve-the-torah/,Moses set the table — can AI help serve the Torah? - eJewishPhilanthropy,ok,,,
https://elijahlab.haifa.ac.il,200,https://elijahlab.haifa.ac.il/,מעבדת אליהו-מעבדה וחממה ולדעי הרוח הדיגיטליים – אוניברסיטת חיפה,ok,,,
https://elyonimvetachtonim.project.uj.edu.pl/en_GB/about/legacy,200,https://elyonimvetachtonim.project.uj.edu.pl/en_GB/about/legacy,Legacy - Elyonim veTachtonim. System of Analysis of Supernatural Entities - Institute of Comparative Studies of Civilisations,ok,,,
https://elyonimvetachtonim.project.uj.edu.pl/en_GB/databases/babylonian-talmud,200,https://elyonimvetachtonim.project.uj.edu.pl/en_GB/databases/babylonian-talmud,Babylonian Talmud - Elyonim veTachtonim. System of Analysis of Supernatural Entities - Institute of Comparative Studies of Civilisations,ok,,,
https://en.wikipedia.org/wiki/%E1%B8%A4akirah_(journal,404,https://en.wikipedia.org/wiki/%E1%B8%A4akirah_(journal,Ḥakirah (journal - Wikipedia,dead-404,,,
https://en.wikipedia.org/wiki/Abraham_Abulafia,200,https://en.wikipedia.org/wiki/Abraham_Abulafia,Abraham Abulafia - Wikipedia,ok,,,
https://en.wikipedia.org/wiki/Academy_of_the_Hebrew_Language,200,https://en.wikipedia.org/wiki/Academy_of_the_Hebrew_Language,Academy of the Hebrew Language - Wikipedia,ok,,,
https://en.wikipedia.org/wiki/Amidah,200,https://en.wikipedia.org/wiki/Amidah,Amidah - Wikipedia,ok,,,
https://en.wikipedia.org/wiki/Bar_Ilan_Responsa_Project,200,https://en.wikipedia.org/wiki/Bar_Ilan_Responsa_Project,Bar Ilan Responsa Project - Wikipedia,ok,,,
https://en.wikipedia.org/wiki/Closed_platfor,404,https://en.wikipedia.org/wiki/Closed_platfor,Closed platfor - Wikipedia,dead-404,,,
https://en.wikipedia.org/wiki/Haaretz,200,https://en.wikipedia.org/wiki/Haaretz,Haaretz - Wikipedia,ok,,,
https://en.wikipedia.org/wiki/Jewish_Review_of_Books,200,https://en.wikipedia.org/wiki/Jewish_Review_of_Books,Jewish Review of Books - Wikipedia,ok,,,
https://en.wikipedia.org/wiki/Judaica_Archival_Project,200,https://en.wikipedia.org/wiki/Judaica_Archival_Project,Judaica Archival Project - Wikipedia,ok,,,
https://en.wikipedia.org/wiki/Makor_Rishon,200,https://en.wikipedia.org/wiki/Makor_Rishon,Makor Rishon - Wikipedia,ok,,,
https://en.wikipedia.org/wiki/Mamre_Institute,200,https://en.wikipedia.org/wiki/Mamre_Institute,Mamre Institute - Wikipedia,ok,,,
https://en.wikipedia.org/wiki/Open_Siddur_Project,200,https://en.wikipedia.org/wiki/Open_Siddur_Project,Open Siddur Project - Wikipedia,ok,,,
https://en.wikipedia.org/wiki/Piyyut,200,https://en.wikipedia.org/wiki/Piyyut,Piyyut - Wikipedia,ok,,,
https://en.wikipedia.org/wiki/Project_MUSE,200,https://en.wikipedia.org/wiki/Project_MUSE,Project Muse - Wikipedia,ok,,,
https://en.wikipedia.org/wiki/Rabbinic_literature#External_links,200,https://en.wikipedia.org/wiki/Rabbinic_literature#External_links,Rabbinic literature - Wikipedia,ok,,,
https://en.wikipedia.org/wiki/Sefaria,200,https://en.wikipedia.org/wiki/Sefaria,Sefaria - Wikipedia,ok,,,
https://en.wikipedia.org/wiki/Tablet_(magazine,404,https://en.wikipedia.org/wiki/Tablet_(magazine,Tablet (magazine - Wikipedia,dead-404,,,
https://en.wikipedia.org/wiki/Text_Encoding_Initiative,200,https://en.wikipedia.org/wiki/Text_Encoding_Initiative,Text Encoding Initiative - Wikipedia,ok,,,
https://en.wikipedia.org/wiki/Torah_database,200,https://en.wikipedia.org/wiki/Torah_database,Torah database - Wikipedia,ok,,,
"https://en.wikisource.org/wiki/A_Dictionary_of_the_Targumim,_the_Talmud_Babli_and_Yerushalmi,_and_the_Midrashic_Literature",200,"https://en.wikisource.org/wiki/A_Dictionary_of_the_Targumim,_the_Talmud_Babli_and_Yerushalmi,_and_the_Midrashic_Literature","A Dictionary of the Targumim, the Talmud Babli and Yerushalmi, and the Midrashic Literature - Wikisource, the free online library",ok,,,
https://escripta.hypotheses.org/500,200,https://escripta.hypotheses.org/500,,ok,,,
https://esknowcirc.hypotheses.org/,200,https://esknowcirc.hypotheses.org/,,ok,,,
https://etc.princeton.edu/sefer_hasidim/index.php?a=about,200,https://etc.princeton.edu/sefer_hasidim/index.php?a=about,Princeton University Sefer Hasidim Database (PUSHD),ok,,,
https://etc.princeton.edu/sefer_hasidim/index.php?a=manuscripts,200,https://etc.princeton.edu/sefer_hasidim/index.php?a=manuscripts,Princeton University Sefer Hasidim Database (PUSHD),ok,,,
https://ethics.tzohar.org.il/en/using-artificial-intelligence-systems-to-rule-halacha-abridged-position-paper/,200,https://ethics.tzohar.org.il/en/using-artificial-intelligence-systems-to-rule-halacha-abridged-position-paper/,Using Artificial Intelligence Systems to Rule Halacha [Abridged Position Paper] – צהר לאתיקה,ok,,,
https://feldheim.com/software-and-artificial-intelligence-ai-in-halacha,200,https://www.feldheim.com/software-and-artificial-intelligence-ai-in-halacha,Software and Artificial Intelligence (AI) in Halacha - Jewish Books - Feldheim Publishers,redirect,,,
https://fgp.genizah.org/,200,https://fgp.genizah.org/,Friedberg Genizah Project,ok,,,
https://fjms.genizah.org/,200,https://fjms.genizah.org/,Friedberg Jewish Manuscript Society,ok,,,
https://forum.otzar.org/index.php,200,https://forum.otzar.org/index.php,פורום אוצר החכמה - עמוד ראשי,ok,,,
https://forum.otzar.org/viewtopic.php?f=7&t=22946,200,https://forum.otzar.org/viewtopic.php?f=7&t=22946,"רשימת אתרים ואשכולות לסריקות כת""י וספרי דפוס עתיקים - פורום אוצר החכמה",ok,,,
https://forum.otzar.org/viewtopic.php?f=7&t=22946#p229554,200,https://forum.otzar.org/viewtopic.php?f=7&t=22946#p229554,"רשימת אתרים ואשכולות לסריקות כת""י וספרי דפוס עתיקים - פורום אוצר החכמה",ok,,,
https://forum.otzar.org/viewtopic.php?f=7&t=22946#p229838,200,https://forum.otzar.org/viewtopic.php?f=7&t=22946#p229838,"רשימת אתרים ואשכולות לסריקות כת""י וספרי דפוס עתיקים - פורום אוצר החכמה",ok,,,
https://forum.otzar.org/viewtopic.php?t=25426,200,https://forum.otzar.org/viewtopic.php?t=25426,קובץ 'בית אהרן וישראל' | גליון חדש להורדה - פורום אוצר החכמה,ok,,,
https://forward.com/culture/469440/computers-can-write-torah-now-should-we-be-excited-or-terrified/,200,https://forward.com/culture/469440/computers-can-write-torah-now-should-we-be-excited-or-terrified/,Computers can write Torah now — now what?,ok,,,
https://geniza.princeton.edu/en/documents/,200,https://geniza.princeton.edu/en/documents/,Documents,ok,,,
https://genizalab.princeton.edu/pgp-database/about,403,https://genizalab.princeton.edu/pgp-database/about,Just a moment...,blocked,,,
https://genizalab.princeton.edu/projects/handwritten-text-recognition,403,https://genizalab.princeton.edu/projects/handwritten-text-recognition,Just a moment...,blocked,,,
https://github.com/DovOps/SefariaSidebarExtension/,200,https://github.com/DovOps/SefariaSidebarExtension/,GitHub - DovOps/SefariaSidebarExtension: Sidebar extension for Google Chrome browsers · GitHub,ok,,,
https://github.com/LizShayne/Sefaria-Data-Viz,200,https://github.com/LizShayne/Sefaria-Data-Viz,GitHub - LizShayne/Sefaria-Data-Viz: A small repository for the files and images created using the data from the Sefaria Project · GitHub,ok,,,
https://github.com/Otzaria/otzaria,200,https://github.com/Otzaria/otzaria,GitHub - Otzaria/otzaria: A modern app that brings the jewish library to every device · GitHub,ok,,,
https://github.com/Sefaria/Sefaria-Export,200,https://github.com/Sefaria/Sefaria-Export,GitHub - Sefaria/Sefaria-Export: Structured Jewish texts and metadata exported from Sefaria's database. · GitHub,ok,,,
https://github.com/Sefaria/sefaria-mcp,200,https://github.com/Sefaria/sefaria-mcp,GitHub - Sefaria/sefaria-mcp: FastMCP Server for Sefaria · GitHub,ok,,,
https://github.com/Sivan22/ituria,200,https://github.com/Sivan22/ituria,GitHub - Sivan22/ituria · GitHub,ok,,,
https://github.com/abeperl/torah-scholar,200,https://github.com/abeperl/torah-scholar,"GitHub - abeperl/torah-scholar: AI-powered Jewish text research: Search Tanach, Talmud & commentaries instantly. · GitHub",ok,,,
https://github.com/onegkg/Jastrow-Search,200,https://github.com/onegkg/Jastrow-Search,GitHub - onegkg/Jastrow-Search: A tool for searching the Jastrow Talmud Dictionary for specific words using the Sefaria API · GitHub,ok,,,
https://github.com/ruebeckscube/talmud-family-tree,200,https://github.com/ruebeckscube/talmud-family-tree,GitHub - ruebeckscube/talmud-family-tree: Generates a static website for exploring teacher/student relationships among rabbis in the Talmud from Sefaria data · GitHub,ok,,,
https://gitlab.com/scripta/escriptorium,200,https://gitlab.com/scripta/escriptorium,Scripta / escriptorium · GitLab,ok,,,
https://guides.library.georgetown.edu/hebrew/reference,200,https://guides.library.georgetown.edu/hebrew/reference,Reference Works - Hebrew and Jewish Studies - Guides at Georgetown University,ok,,,
https://guides.library.jhu.edu/jewish-studies/research-resources,200,https://guides.library.jhu.edu/jewish-studies/research-resources,Resources for Doing Research - Jewish Studies - Guides at Johns Hopkins University,ok,,,
https://guides.library.upenn.edu/earlyprintedhebrewbook,200,https://guides.library.upenn.edu/earlyprintedhebrewbook,Introduction - History of the Early Printed Hebrew Book - Guides at Penn Libraries,ok,,,
https://guides.library.upenn.edu/judaica-resources/etexts,200,https://guides.library.upenn.edu/judaica-resources/etexts,eTexts - Directory of Judaica online resources - Guides at Penn Libraries,ok,,,
https://guides.nyu.edu/c.php?g=276652&p=1845363,200,https://guides.nyu.edu/c.php?g=276652&p=1845363,Digital Collection Gateways: a Selection - Hebrew and Judaic Studies - Research Guides at New York University,ok,,,
https://haifa.academia.edu/MenachemKatz,403,https://haifa.academia.edu/MenachemKatz,Just a moment...,blocked,,,
https://hakirah.org/Archieve.htm,200,https://hakirah.org/Archieve.htm,Purchase a Copy of Hakirah Volume 1,ok,,,
https://hakirah.org/vol35Grossman.pdf,200,https://hakirah.org/vol35Grossman.pdf,,ok,,,
https://hamore.openapp.co.il/index.php/%D7%A2%D7%9E%D7%95%D7%93_%D7%A8%D7%90%D7%A9%D7%99,200,https://hamore.openapp.co.il/index.php/%D7%A2%D7%9E%D7%95%D7%93_%D7%A8%D7%90%D7%A9%D7%99,מורה הנבוכים,ok,,,
https://hcommons.org/deposits/?tag=hebrew+literature,202,https://hcommons.org/deposits/?tag=hebrew+literature,,ok,,,
https://he.wikipedia.org/wiki/%D7%90%D7%95%D7%A6%D7%A8_%D7%94%D7%97%D7%9B%D7%9E%D7%94,200,https://he.wikipedia.org/wiki/%D7%90%D7%95%D7%A6%D7%A8_%D7%94%D7%97%D7%9B%D7%9E%D7%94,אוצר החכמה – ויקיפדיה,ok,,,
https://he.wikipedia.org/wiki/%D7%90%D7%95%D7%A7%D7%99%D7%9E%D7%AA%D7%90_(%D7%9B%D7%AA%D7%91_%D7%A2%D7%AA,404,https://he.wikipedia.org/wiki/%D7%90%D7%95%D7%A7%D7%99%D7%9E%D7%AA%D7%90_(%D7%9B%D7%AA%D7%91_%D7%A2%D7%AA,אוקימתא (כתב עת – ויקיפדיה,dead-404,,,
https://he.wikipedia.org/wiki/%D7%90%D7%A8%D7%A9%D7%AA:_%D7%A1%D7%A4%D7%A8_%D7%A9%D7%A0%D7%94_%D7%9C%D7%97%D7%A7%D7%A8_%D7%94%D7%A1%D7%A4%D7%A8_%D7%94%D7%A2%D7%91%D7%A8%D7%99,200,https://he.wikipedia.org/wiki/%D7%90%D7%A8%D7%A9%D7%AA:_%D7%A1%D7%A4%D7%A8_%D7%A9%D7%A0%D7%94_%D7%9C%D7%97%D7%A7%D7%A8_%D7%94%D7%A1%D7%A4%D7%A8_%D7%94%D7%A2%D7%91%D7%A8%D7%99,ארשת: ספר שנה לחקר הספר העברי – ויקיפדיה,ok,,,
https://he.wikipedia.org/wiki/%D7%92%D7%A0%D7%96%D7%99_%D7%A7%D7%93%D7%9D_(%D7%A9%D7%A0%D7%AA%D7%95%D7%9F,404,https://he.wikipedia.org/wiki/%D7%92%D7%A0%D7%96%D7%99_%D7%A7%D7%93%D7%9D_(%D7%A9%D7%A0%D7%AA%D7%95%D7%9F,גנזי קדם (שנתון – ויקיפדיה,dead-404,,,
https://he.wikipedia.org/wiki/%D7%93%D7%9F_%D7%91%D7%90%D7%A8%D7%99,200,https://he.wikipedia.org/wiki/%D7%93%D7%9F_%D7%91%D7%90%D7%A8%D7%99,דן בארי – ויקיפדיה,ok,,,
https://he.wikipedia.org/wiki/%D7%93%D7%A2%D7%AA_(%D7%90%D7%AA%D7%A8_%D7%90%D7%99%D7%A0%D7%98%D7%A8%D7%A0%D7%98,404,https://he.wikipedia.org/wiki/%D7%93%D7%A2%D7%AA_(%D7%90%D7%AA%D7%A8_%D7%90%D7%99%D7%A0%D7%98%D7%A8%D7%A0%D7%98,דעת (אתר אינטרנט – ויקיפדיה,dead-404,,,
https://he.wikipedia.org/wiki/%D7%94%D7%90%D7%99%D7%92%D7%95%D7%93_%D7%9C%D7%A4%D7%A8%D7%A9%D7%A0%D7%95%D7%AA_%D7%94%D7%AA%D7%9C%D7%9E%D7%95%D7%93,200,https://he.wikipedia.org/wiki/%D7%94%D7%90%D7%99%D7%92%D7%95%D7%93_%D7%9C%D7%A4%D7%A8%D7%A9%D7%A0%D7%95%D7%AA_%D7%94%D7%AA%D7%9C%D7%9E%D7%95%D7%93,האיגוד לפרשנות התלמוד – ויקיפדיה,ok,,,
https://he.wikipedia.org/wiki/%D7%94%D7%96%D7%9E%D7%A0%D7%94_%D7%9C%D7%A4%D7%99%D7%95%D7%98,200,https://he.wikipedia.org/wiki/%D7%94%D7%96%D7%9E%D7%A0%D7%94_%D7%9C%D7%A4%D7%99%D7%95%D7%98,אתר הפיוט והתפילה – ויקיפדיה,ok,,,
https://he.wikipedia.org/wiki/%D7%94%D7%9E%D7%99%D7%9C%D7%95%D7%9F_%D7%94%D7%94%D7%99%D7%A1%D7%98%D7%95%D7%A8%D7%99_%D7%9C%D7%9C%D7%A9%D7%95%D7%9F_%D7%94%D7%A2%D7%91%D7%A8%D7%99%D7%AA,200,https://he.wikipedia.org/wiki/%D7%94%D7%9E%D7%99%D7%9C%D7%95%D7%9F_%D7%94%D7%94%D7%99%D7%A1%D7%98%D7%95%D7%A8%D7%99_%D7%9C%D7%9C%D7%A9%D7%95%D7%9F_%D7%94%D7%A2%D7%91%D7%A8%D7%99%D7%AA,המילון ההיסטורי ללשון העברית – ויקיפדיה,ok,,,
https://he.wikipedia.org/wiki/%D7%94%D7%9E%D7%9B%D7%95%D7%9F_%D7%9C%D7%AA%D7%A6%D7%9C%D7%95%D7%9E%D7%99_%D7%9B%D7%AA%D7%91%D7%99_%D7%99%D7%93_%D7%A2%D7%91%D7%A8%D7%99%D7%99%D7%9D#%D7%A4%D7%A8%D7%95%D7%99%D7%A7%D7%98_%22%D7%9B%D7%AA%D7%99%D7%91%22,200,https://he.wikipedia.org/wiki/%D7%94%D7%9E%D7%9B%D7%95%D7%9F_%D7%9C%D7%AA%D7%A6%D7%9C%D7%95%D7%9E%D7%99_%D7%9B%D7%AA%D7%91%D7%99_%D7%99%D7%93_%D7%A2%D7%91%D7%A8%D7%99%D7%99%D7%9D#%D7%A4%D7%A8%D7%95%D7%99%D7%A7%D7%98_%22%D7%9B%D7%AA%D7%99%D7%91%22,המכון לתצלומי כתבי יד עבריים – ויקיפדיה,ok,,,
https://he.wikipedia.org/wiki/%D7%94%D7%9E%D7%A2%D7%99%D7%9F_(%D7%9B%D7%AA%D7%91_%D7%A2%D7%AA,404,https://he.wikipedia.org/wiki/%D7%94%D7%9E%D7%A2%D7%99%D7%9F_(%D7%9B%D7%AA%D7%91_%D7%A2%D7%AA,המעין (כתב עת – ויקיפדיה,dead-404,,,
https://he.wikipedia.org/wiki/%D7%94%D7%A6%D7%95%D7%A4%D7%94_%D7%9E%D7%90%D7%A8%D7%A5_%D7%94%D7%92%D7%A8,200,https://he.wikipedia.org/wiki/%D7%94%D7%A6%D7%95%D7%A4%D7%94_%D7%9E%D7%90%D7%A8%D7%A5_%D7%94%D7%92%D7%A8,הצופה מארץ הגר – ויקיפדיה,ok,,,
https://he.wikipedia.org/wiki/%D7%95%D7%99%D7%A7%D7%99%D7%98%D7%A7%D7%A1%D7%98,200,https://he.wikipedia.org/wiki/%D7%95%D7%99%D7%A7%D7%99%D7%98%D7%A7%D7%A1%D7%98,ויקיטקסט – ויקיפדיה,ok,,,
https://he.wikipedia.org/wiki/%D7%97%D7%A1%D7%99%D7%93%D7%95%D7%AA_%D7%A7%D7%A8%D7%9C%D7%99%D7%9F#%D7%A7%D7%95%D7%91%D7%A5_%D7%91%D7%99%D7%AA_%D7%90%D7%94%D7%A8%D7%9F_%D7%95%D7%99%D7%A9%D7%A8%D7%90%D7%9C,200,https://he.wikipedia.org/wiki/%D7%97%D7%A1%D7%99%D7%93%D7%95%D7%AA_%D7%A7%D7%A8%D7%9C%D7%99%D7%9F#%D7%A7%D7%95%D7%91%D7%A5_%D7%91%D7%99%D7%AA_%D7%90%D7%94%D7%A8%D7%9F_%D7%95%D7%99%D7%A9%D7%A8%D7%90%D7%9C,חסידות קרלין – ויקיפדיה,ok,,,
https://he.wikipedia.org/wiki/%D7%99%D7%A8%D7%95%D7%A9%D7%AA%D7%A0%D7%95,200,https://he.wikipedia.org/wiki/%D7%99%D7%A8%D7%95%D7%A9%D7%AA%D7%A0%D7%95,ירושתנו – ויקיפדיה,ok,,,
https://he.wikipedia.org/wiki/%D7%99%D7%A9%D7%95%D7%A8%D7%95%D7%9F_(%D7%9E%D7%90%D7%A1%D7%A3_%D7%AA%D7%95%D7%A8%D7%A0%D7%99,404,https://he.wikipedia.org/wiki/%D7%99%D7%A9%D7%95%D7%A8%D7%95%D7%9F_(%D7%9E%D7%90%D7%A1%D7%A3_%D7%AA%D7%95%D7%A8%D7%A0%D7%99,ישורון (מאסף תורני – ויקיפדיה,dead-404,,,
https://he.wikipedia.org/wiki/%D7%9B%D7%95%D7%AA%D7%A8_(%D7%A1%D7%A4%D7%A8%D7%99%D7%99%D7%94_%D7%93%D7%99%D7%92%D7%99%D7%98%D7%9C%D7%99%D7%AA,404,https://he.wikipedia.org/wiki/%D7%9B%D7%95%D7%AA%D7%A8_(%D7%A1%D7%A4%D7%A8%D7%99%D7%99%D7%94_%D7%93%D7%99%D7%92%D7%99%D7%98%D7%9C%D7%99%D7%AA,כותר (ספרייה דיגיטלית – ויקיפדיה,dead-404,,,
https://he.wikipedia.org/wiki/%D7%9E%D7%90%D7%92%D7%A8_%D7%AA%D7%95%D7%A8%D7%A0%D7%99,200,https://he.wikipedia.org/wiki/%D7%9E%D7%90%D7%92%D7%A8_%D7%AA%D7%95%D7%A8%D7%A0%D7%99,מאגר תורני – ויקיפדיה,ok,,,
https://he.wikipedia.org/wiki/%D7%9E%D7%90%D7%92%D7%A8_%D7%AA%D7%95%D7%A8%D7%A0%D7%99#%D7%90%D7%AA%D7%A8_Grimoar,200,https://he.wikipedia.org/wiki/%D7%9E%D7%90%D7%92%D7%A8_%D7%AA%D7%95%D7%A8%D7%A0%D7%99#%D7%90%D7%AA%D7%A8_Grimoar,מאגר תורני – ויקיפדיה,ok,,,
https://he.wikipedia.org/wiki/%D7%9E%D7%A4%D7%A2%D7%9C_%D7%94%D7%91%D7%99%D7%91%D7%9C%D7%99%D7%95%D7%92%D7%A8%D7%A4%D7%99%D7%94_%D7%94%D7%A2%D7%91%D7%A8%D7%99%D7%AA,200,https://he.wikipedia.org/wiki/%D7%9E%D7%A4%D7%A2%D7%9C_%D7%94%D7%91%D7%99%D7%91%D7%9C%D7%99%D7%95%D7%92%D7%A8%D7%A4%D7%99%D7%94_%D7%94%D7%A2%D7%91%D7%A8%D7%99%D7%AA,מפעל הביבליוגרפיה העברית – ויקיפדיה,ok,,,
https://he.wikipedia.org/wiki/%D7%9E%D7%A7%D7%99%D7%A6%D7%99_%D7%A0%D7%A8%D7%93%D7%9E%D7%99%D7%9D,200,https://he.wikipedia.org/wiki/%D7%9E%D7%A7%D7%99%D7%A6%D7%99_%D7%A0%D7%A8%D7%93%D7%9E%D7%99%D7%9D,מקיצי נרדמים – ויקיפדיה,ok,,,
https://he.wikipedia.org/wiki/%D7%A1%D7%92%D7%95%D7%9C%D7%94_(%D7%9E%D7%92%D7%96%D7%99%D7%9F,404,https://he.wikipedia.org/wiki/%D7%A1%D7%92%D7%95%D7%9C%D7%94_(%D7%9E%D7%92%D7%96%D7%99%D7%9F,סגולה (מגזין – ויקיפדיה,dead-404,,,
https://he.wikipedia.org/wiki/%D7%A1%D7%A4%D7%A8-%D7%93%D7%AA%D7%90,200,https://he.wikipedia.org/wiki/%D7%A1%D7%A4%D7%A8-%D7%93%D7%AA%D7%90,ספר-דתא – ויקיפדיה,ok,,,
https://he.wikipedia.org/wiki/%D7%A2%D7%9C_%D7%94%D7%AA%D7%95%D7%A8%D7%94,200,https://he.wikipedia.org/wiki/%D7%A2%D7%9C_%D7%94%D7%AA%D7%95%D7%A8%D7%94,על התורה – ויקיפדיה,ok,,,
https://he.wikipedia.org/wiki/%D7%A4%D7%95%D7%A8%D7%98%D7%9C:%D7%99%D7%94%D7%93%D7%95%D7%AA,200,https://he.wikipedia.org/wiki/%D7%A4%D7%95%D7%A8%D7%98%D7%9C:%D7%99%D7%94%D7%93%D7%95%D7%AA,פורטל:יהדות – ויקיפדיה,ok,,,
https://he.wikipedia.org/wiki/%D7%A4%D7%A2%D7%9E%D7%99%D7%9D,200,https://he.wikipedia.org/wiki/%D7%A4%D7%A2%D7%9E%D7%99%D7%9D,פעמים – ויקיפדיה,ok,,,
https://he.wikipedia.org/wiki/%D7%A4%D7%A8%D7%95%D7%99%D7%A7%D7%98_%D7%91%D7%9F-%D7%99%D7%94%D7%95%D7%93%D7%94,200,https://he.wikipedia.org/wiki/%D7%A4%D7%A8%D7%95%D7%99%D7%A7%D7%98_%D7%91%D7%9F-%D7%99%D7%94%D7%95%D7%93%D7%94,פרויקט בן-יהודה – ויקיפדיה,ok,,,
https://he.wikipedia.org/wiki/%D7%A6%D7%A4%D7%95%D7%A0%D7%95%D7%AA,200,https://he.wikipedia.org/wiki/%D7%A6%D7%A4%D7%95%D7%A0%D7%95%D7%AA,צפונות – ויקיפדיה,ok,,,
https://he.wikipedia.org/wiki/%D7%A7%D7%98%D7%92%D7%95%D7%A8%D7%99%D7%94:%D7%99%D7%A9%D7%A8%D7%90%D7%9C:_%D7%9B%D7%AA%D7%91%D7%99_%D7%A2%D7%AA_%D7%AA%D7%95%D7%A8%D7%A0%D7%99%D7%99%D7%9D,200,https://he.wikipedia.org/wiki/%D7%A7%D7%98%D7%92%D7%95%D7%A8%D7%99%D7%94:%D7%99%D7%A9%D7%A8%D7%90%D7%9C:_%D7%9B%D7%AA%D7%91%D7%99_%D7%A2%D7%AA_%D7%AA%D7%95%D7%A8%D7%A0%D7%99%D7%99%D7%9D,קטגוריה:ישראל: כתבי עת תורניים – ויקיפדיה,ok,,,
https://he.wikipedia.org/wiki/%D7%A7%D7%A8%D7%99%D7%AA_%D7%A1%D7%A4%D7%A8_(%D7%9E%D7%A4%D7%A2%D7%9C_%D7%91%D7%99%D7%91%D7%9C%D7%99%D7%95%D7%92%D7%A8%D7%A4%D7%99,404,https://he.wikipedia.org/wiki/%D7%A7%D7%A8%D7%99%D7%AA_%D7%A1%D7%A4%D7%A8_(%D7%9E%D7%A4%D7%A2%D7%9C_%D7%91%D7%99%D7%91%D7%9C%D7%99%D7%95%D7%92%D7%A8%D7%A4%D7%99,קרית ספר (מפעל ביבליוגרפי – ויקיפדיה,dead-404,,,
https://he.wikipedia.org/wiki/%D7%A7%D7%AA%D7%93%D7%A8%D7%94_(%D7%9B%D7%AA%D7%91_%D7%A2%D7%AA,404,https://he.wikipedia.org/wiki/%D7%A7%D7%AA%D7%93%D7%A8%D7%94_(%D7%9B%D7%AA%D7%91_%D7%A2%D7%AA,קתדרה (כתב עת – ויקיפדיה,dead-404,,,
https://he.wikipedia.org/wiki/%D7%A8%D7%9E%D7%91%22%D7%99,200,https://he.wikipedia.org/wiki/%D7%A8%D7%9E%D7%91%22%D7%99,"רמב""י – ויקיפדיה",ok,,,
https://he.wikipedia.org/wiki/HebrewBooks,200,https://he.wikipedia.org/wiki/HebrewBooks,היברובוקס – ויקיפדיה,ok,,,
https://he.wikisource.org/wiki/%D7%A2%D7%9E%D7%95%D7%93_%D7%A8%D7%90%D7%A9%D7%99,200,https://he.wikisource.org/wiki/%D7%A2%D7%9E%D7%95%D7%93_%D7%A8%D7%90%D7%A9%D7%99,ויקיטקסט,ok,,,
https://he.wikisource.org/wiki/%D7%AA%D7%95%D7%9C%D7%93%D7%95%D7%AA_%D7%AA%D7%A0%D7%90%D7%99%D7%9D_%D7%95%D7%90%D7%9E%D7%95%D7%A8%D7%90%D7%99%D7%9D,200,https://he.wikisource.org/wiki/%D7%AA%D7%95%D7%9C%D7%93%D7%95%D7%AA_%D7%AA%D7%A0%D7%90%D7%99%D7%9D_%D7%95%D7%90%D7%9E%D7%95%D7%A8%D7%90%D7%99%D7%9D,תולדות תנאים ואמוראים – ויקיטקסט,ok,,,
https://he.wiktionary.org/wiki/%D7%A2%D7%9E%D7%95%D7%93_%D7%A8%D7%90%D7%A9%D7%99,200,https://he.wiktionary.org/wiki/%D7%A2%D7%9E%D7%95%D7%93_%D7%A8%D7%90%D7%A9%D7%99,ויקימילון,ok,,,
https://hebrew-academy.org.il/,200,https://hebrew-academy.org.il/,האקדמיה ללשון העברית - המוסד העליון ללשון העברית,ok,,,
https://hebrew-academy.org.il/%d7%94%d7%9e%d7%99%d7%9c%d7%95%d7%9f-2/,404,https://hebrew-academy.org.il/%D7%94%D7%9E%D7%99%D7%9C%D7%95%D7%9F-2/,העמוד לא נמצא – האקדמיה ללשון העברית,dead-404,,,
https://hebrew-academy.org.il/topic/maamarim/,200,https://hebrew-academy.org.il/topic/maamarim/,מאמרים - האקדמיה ללשון העברית,ok,,,
https://hebrewbooks.org/,200,https://hebrewbooks.org/,HebrewBooks.org Home Page,ok,,,
https://herzogpress.herzog.ac.il/ktav.asp?id=2,500,https://herzogpress.herzog.ac.il/ktav.asp?id=2,500 - Internal server error.,dead-500,,,
https://hods.org/pdf/Azriel%20Rosenfeld%20-%20Religion%20and%20the%20Robot.pdf,200,https://hods.org/pdf/Azriel%20Rosenfeld%20-%20Religion%20and%20the%20Robot.pdf,,ok,,,
https://huc.edu/libraries/free-online-resources/,200,https://huc.edu/libraries/free-online-resources/,Free Online Resources - Hebrew Union College,ok,,,
https://huc.edu/libraries/free-online-resources/?table=Bible/Early%20Resources,200,https://huc.edu/libraries/free-online-resources/?table=Bible/Early%20Resources,Free Online Resources - Hebrew Union College,ok,,,
https://huggingface.co/Sefaria,200,https://huggingface.co/Sefaria,Sefaria (Sefaria),ok,,,
https://huggingface.co/datasets/Sefaria/Rabbinic-Embedding-Leaderboard,200,https://huggingface.co/datasets/Sefaria/Rabbinic-Embedding-Leaderboard,Sefaria/Rabbinic-Embedding-Leaderboard · Datasets at Hugging Face,ok,,,
https://huggingface.co/dicta-il,200,https://huggingface.co/dicta-il,dicta-il (DICTA: The Israel Center for Text Analysis),ok,,,
https://ideas.tikvah.org/mosaic/topics/artificial-intelligence,200,https://ideas.tikvah.org/mosaic/topics/artificial-intelligence,Artificial intelligence | Tikvah Ideas,ok,,,
https://ilanot.org/,200,https://ilanot.org/,Ilanot Portal start page,ok,,,
https://isf.org.il/layperson-reports/%D7%A4%D7%99%D7%95%D7%98%D7%99%D7%9D-%D7%9C%D7%AA%D7%A4%D7%99%D7%9C%D7%AA-%D7%94%D7%A2%D7%9E%D7%99%D7%93%D7%94-%D7%9E%D7%A4%D7%99-%D7%A4%D7%99%D7%99%D7%98%D7%A0%D7%99-20181218153326.html,200,https://isf.org.il/layperson-reports/%D7%A4%D7%99%D7%95%D7%98%D7%99%D7%9D-%D7%9C%D7%AA%D7%A4%D7%99%D7%9C%D7%AA-%D7%94%D7%A2%D7%9E%D7%99%D7%93%D7%94-%D7%9E%D7%A4%D7%99-%D7%A4%D7%99%D7%99%D7%98%D7%A0%D7%99-20181218153326.html,Israel Science Foundation (ISF),ok,,,
https://ja.genizah.org/,200,https://fjms.genizah.org?lang=eng,Friedberg Jewish Manuscript Society,moved-host,,,
https://ja.genizah.org/JA_Dictionary_pdfjs/JA_Dictionary.html,200,https://ja.genizah.org/JA_Dictionary_pdfjs/JA_Dictionary.html,FGP - ××××× ×¢×¨×××ª-××××××ª,ok,,,
https://jastrow.app/,200,https://jastrow.app/,Jastrow Dictionary,ok,,,
https://jellomenorah.substack.com/p/judaisms-three-doors-into-ai,200,https://www.jellomenorah.com/p/judaisms-three-doors-into-ai,Judaism's three doors into AI - by David Zvi Kalman,moved-host,,,
https://jewish-faculty.biu.ac.il/en/JSIJ,200,https://jewish-faculty.biu.ac.il/en/JSIJ,"JSIJ - Jewish Studies, an Internet Journal | Faculty of Jewish Studies",ok,,,
https://jewish-faculty.biu.ac.il/node/669,200,https://jewish-faculty.biu.ac.il/node/669,מסכת | הפקולטה למדעי היהדות,ok,,,
https://jewishaction.com/cover-story/artificial-intelligence-the-newest-revolution-in-torah-study/,200,https://jewishaction.com/cover-story/artificial-intelligence-the-newest-revolution-in-torah-study/,Artificial Intelligence: The Newest Revolution in Torah Study? - Jewish Action,ok,,,
https://jewishaction.com/cover-story/torah-in-the-age-of-artificial-intelligence-2/,200,https://jewishaction.com/cover-story/torah-in-the-age-of-artificial-intelligence-2/,Torah in the Age of Artificial Intelligence - Jewish Action,ok,,,
https://jewishaction.com/religion/jewish-law/the-next-frontier-in-jewish-law-artificial-intelligence/,200,https://jewishaction.com/religion/jewish-law/the-next-frontier-in-jewish-law-artificial-intelligence/,The Next Frontier in Jewish Law: Artificial Intelligence - Jewish Action,ok,,,
https://jewishoffice.co.il/catalog/,200,https://jewishoffice.co.il/catalog/,,ok,,,
https://jewishreviewofbooks.com/,429,https://jewishreviewofbooks.com/,429 Too Many Requests,blocked,,,
https://jhostyk.github.io/SeferSimilarityMap/,200,https://jhostyk.github.io/SeferSimilarityMap/,· Sefer Similarity Map,ok,,,
https://joshcooper417.github.io/,200,https://joshcooper417.github.io/,The Jewish story through books,ok,,,
https://jqr.pennpress.org/home/,403,https://www.pennpress.org/journals/journal/jewish-quarterly-review/,Just a moment...,blocked,,,
https://judaism.stackexchange.com/,200,https://judaism.stackexchange.com/,Mi Yodeya,ok,,,
https://kavvanah.blog/,200,https://kavvanah.blog/,The Book of Doctrines and Opinions: | notes on Jewish theology and spirituality,ok,,,
https://kodesh.snunit.k12.il/i/tr/t0101.htm,200,https://kodesh.snunit.k12.il/i/tr/t0101.htm,××¨××©××ª × - ××××¨ ×¡×¤×¨××ª ××§×××©,ok,,,
https://kotar.cet.ac.il/,200,https://kotar.cet.ac.il/,הספרייה המקוונת של ישראל,ok,,,
https://kotar.cet.ac.il/KotarApp/Search.aspx?sSearchText=%D7%9E%D7%A9%D7%A0%D7%AA%20%D7%90%D7%A8%D7%A5%20%D7%99%D7%A9%D7%A8%D7%90%D7%9C&lang=#0,200,https://kotar.cet.ac.il/KotarApp/Search.aspx?sSearchText=%D7%9E%D7%A9%D7%A0%D7%AA%20%D7%90%D7%A8%D7%A5%20%D7%99%D7%A9%D7%A8%D7%90%D7%9C&lang=#0,תוצאות חיפוש,ok,,,
https://kotar.cet.ac.il/KotarApp/Viewer.aspx?nBookID=102847481,200,https://kotar.cet.ac.il/KotarApp/Viewer.aspx?nBookID=102847481,קראו בכותר - שאלת קיומה של מיסטיקה יהודית : הגנאלוגיה של המיסטיקה היהודית והתיאולוגיות של חקר הקבלה,ok,,,
https://kotar.cet.ac.il/kotarapp/index/Book.aspx?nBookID=104820662,200,https://kotar.cet.ac.il/kotarapp/index/Book.aspx?nBookID=104820662,"ספרות חז""ל הארץ־ישראלית - ספרות חז""ל הארץ־ישראלית : כרך ראשון - מבואות לחיבורי ספרות חז""ל",ok,,,
https://kotar.cet.ac.il/kotarapp/index/Book.aspx?nBookID=105755469,200,https://kotar.cet.ac.il/kotarapp/index/Book.aspx?nBookID=105755469,מבוא למדרשים,ok,,,
https://kotar.cet.ac.il/kotarapp/index/Book.aspx?nBookID=108308905,200,https://kotar.cet.ac.il/kotarapp/index/Book.aspx?nBookID=108308905,"רבנו תם : פרשנות, הלכה, פולמוס",ok,,,
https://kotar.cet.ac.il/kotarapp/index/Book.aspx?nBookID=108702657,200,https://kotar.cet.ac.il/kotarapp/index/Book.aspx?nBookID=108702657,הגניזה מקהיר: תולדות אוסף הגניזה באוניברסיטת קמברידג',ok,,,
https://kotar.cet.ac.il/kotarapp/index/Book.aspx?nBookID=109043536,200,https://kotar.cet.ac.il/kotarapp/index/Book.aspx?nBookID=109043536,רש״י והפולמוס היהודי־הנוצרי,ok,,,
https://law.tau.ac.il/dine_israel/published,200,https://law.tau.ac.il/dine_israel/published,כרכים מלאים | דיני ישראל | אוניברסיטת תל אביב,ok,,,
https://leshoniada.co.il/,200,https://leshoniada.co.il/,לשוניאדה - עברית. לשון. שפה,ok,,,
https://lib.biu.ac.il/en/Ebooks%20%20Full%20,200,"https://validate.perfdrive.com/?ssa=207ad3da-cf45-4af2-811a-3719878e5967&ssb=61504260608&ssc=https%3A%2F%2Flib.biu.ac.il%2Fen%2FEbooks%2520%2520Full%2520&ssi=b1d19027-dzai-48f9-96f3-d24d97c82d6d&ssk=botmanager_support@radware.com&ssm=35270810399208616104362567706219&ssn=96181681fd30e26b727333da90102d98f11f600ea4e0-ae6a-47c6-b04177&sso=7447c41e-ceb1f11bdfc118bce18120ac8f17a82a15a0670f5ba7a3f5&ssp=76847738381791566617179157730809788&ssq=99789775228287750528352282048590148670808&ssr=NS4yOS4xMi4xOTQ=&sst=Mozilla/5.0%20(Windows%20NT%2010.0;%20Win64;%20x64)%20AppleWebKit/537.36%20(KHTML,%20like%20Gecko)%20Chrome/130.0%20Safari/537.36&ssu=&ssv=&ssw=&ssx=eyJfX3V6bWYiOiI3ZjkwMDA2MDBlYTRlMC1hZTZhLTQ3YzYtYjQxZS1jZWIxZjExYmRmYzExLTE3OTE1NTIyODI1OTEwLTAwMWRiZjUzNjBjMDkzYzUyMWUxMCIsInJkIjoiYml1LmFjLmlsIiwidXpteCI6IjdmYzAwMDRkM2UwZWFlLTUzOWEtNDA4MS1hZTBkLTgyMDU4OTlhNTFlODEtMTc5MTU1MjI4MjU5MTAtMDA4YjU4ZjE4MjVkMjcyYmJjMDEwIn0=",Radware Captcha Page,blocked,,,
https://lib.biu.ac.il/en/db-subject/198,200,"https://validate.perfdrive.com/?ssa=71dfcd4a-3f3f-4097-a4f5-a2db483961b5&ssb=61504260608&ssc=https%3A%2F%2Flib.biu.ac.il%2Fen%2Fdb-subject%2F198&ssi=cc6de8c0-dzai-42ef-af24-a463ac1a9ae5&ssk=botmanager_support@radware.com&ssm=35270810399208616104362567706219&ssn=96181681e273ce5ffb7484f388572d98f11fc7e7255c-9952-4901-904177&sso=7447cba6-4bdf46230ec818bce1814c6f6510acc7535517505ba7a3f5&ssp=76847738381791566617179157730809788&ssq=99789775228287750528352282048590148670808&ssr=NS4yOS4xMi4xOTQ=&sst=Mozilla/5.0%20(Windows%20NT%2010.0;%20Win64;%20x64)%20AppleWebKit/537.36%20(KHTML,%20like%20Gecko)%20Chrome/130.0%20Safari/537.36&ssu=&ssv=&ssw=&ssx=eyJ1em14IjoiN2ZjMDAwMjllM2YyNjYtMzI2Yy00OTM4LThiMzAtMTZjYWVkMDE2NDcwMS0xNzkxNTUyMjgyNTg1MC0wMDhmNmJmY2Q0ZWQzNDU3M2VhMTAiLCJfX3V6bWYiOiI3ZjkwMDBjN2U3MjU1Yy05OTUyLTQ5MDEtOWJhNi00YmRmNDYyMzBlYzgxLTE3OTE1NTIyODI1ODUwLTAwMWE0ZDExODZlMzY3NDQzZjIxMCIsInJkIjoiYml1LmFjLmlsIn0=",Radware Captcha Page,blocked,,,
https://lib.biu.ac.il/en/db-subject/217,200,"https://validate.perfdrive.com/?ssa=55a0e336-ed97-4746-88e0-df0cbca82d32&ssb=61504260608&ssc=https%3A%2F%2Flib.biu.ac.il%2Fen%2Fdb-subject%2F217&ssi=19e417c8-dzai-4a6f-a26e-cab206e6a8d5&ssk=botmanager_support@radware.com&ssm=35270810399208616104362567706219&ssn=96181681ec03c1da626b36c681642d98f11f5e2d657e-693b-4da7-904177&sso=7447c4a2-9679220b4f6e18bce18149f21c02aa60c42192815ba7a3f5&ssp=76847738381791566617179157730809788&ssq=99789775228287750528352282048590148670808&ssr=NS4yOS4xMi4xOTQ=&sst=Mozilla/5.0%20(Windows%20NT%2010.0;%20Win64;%20x64)%20AppleWebKit/537.36%20(KHTML,%20like%20Gecko)%20Chrome/130.0%20Safari/537.36&ssu=&ssv=&ssw=&ssx=eyJ1em14IjoiN2ZjMDAwODg0YTNmMmQtNDdlMi00ZjZlLTlkZjctMDE1ZDhmNjEyYTZiMS0xNzkxNTUyMjgyNTgzMC0wMDg5ZjFjNTUwM2Y0MWMyNzI0MTAiLCJfX3V6bWYiOiI3ZjkwMDA1ZTJkNjU3ZS02OTNiLTRkYTctOTRhMi05Njc5MjIwYjRmNmUxLTE3OTE1NTIyODI1ODMwLTAwMTQzYjQ4ODhkNWMxOWIzMDYxMCIsInJkIjoiYml1LmFjLmlsIn0=",Radware Captcha Page,blocked,,,
https://lib.biu.ac.il/en/node/1702,200,"https://validate.perfdrive.com/?ssa=a2b46a5b-9c22-42f8-86c5-e7a53bc7df2c&ssb=61504260608&ssc=https%3A%2F%2Flib.biu.ac.il%2Fen%2Fnode%2F1702&ssi=32c9ec5c-dzai-4314-ad0e-8e2f69890eb9&ssk=botmanager_support@radware.com&ssm=35270810399208616104362567706219&ssn=96181681b9907615bf19010cb5612d98f11f28ca29e1-9811-4d39-904177&sso=7447c4f0-fa300d003f1418bce181cb076ad559b18f77f3b55ba7a3f5&ssp=76847738381791566617179157730809788&ssq=99789775228287750528352282048590148670808&ssr=NS4yOS4xMi4xOTQ=&sst=Mozilla/5.0%20(Windows%20NT%2010.0;%20Win64;%20x64)%20AppleWebKit/537.36%20(KHTML,%20like%20Gecko)%20Chrome/130.0%20Safari/537.36&ssu=&ssv=&ssw=&ssx=eyJyZCI6ImJpdS5hYy5pbCIsIl9fdXptZiI6IjdmOTAwMDI4Y2EyOWUxLTk4MTEtNGQzOS05NGYwLWZhMzAwZDAwM2YxNDEtMTc5MTU1MjI4MjY4NjAtMDAxM2I3MzY3MTM5MmEyYjQ4NzEwIiwidXpteCI6IjdmYzAwMGM1MzhlNGEyLTM3YmMtNDFmNi1iYjA3LWQ3MmM1ODg3YTRjODEtMTc5MTU1MjI4MjY4NTAtMDA4MzgzMDJmYTA5NDBhZTE1MjEwIn0=",Radware Captcha Page,blocked,,,
https://lib.biu.ac.il/en/node/264,200,"https://validate.perfdrive.com/?ssa=613c80ed-8996-478c-a6e1-eaf864ddd555&ssb=61504260608&ssc=https%3A%2F%2Flib.biu.ac.il%2Fen%2Fnode%2F264&ssi=8005d003-dzai-4b13-ba31-ce9f83b96542&ssk=botmanager_support@radware.com&ssm=35270810399208616104362567706219&ssn=96181681aed2601c4b487e6f653a2d98f11f941f9b35-d370-4534-a04177&sso=7447c8fc-ca447f472fb118bce1814d4fcfc27123195e95c35ba7a3f5&ssp=76847738381791566617179157730809788&ssq=99789775228287750528352282048590148670808&ssr=NS4yOS4xMi4xOTQ=&sst=Mozilla/5.0%20(Windows%20NT%2010.0;%20Win64;%20x64)%20AppleWebKit/537.36%20(KHTML,%20like%20Gecko)%20Chrome/130.0%20Safari/537.36&ssu=&ssv=&ssw=&ssx=eyJfX3V6bWYiOiI3ZjkwMDA5NDFmOWIzNS1kMzcwLTQ1MzQtYThmYy1jYTQ0N2Y0NzJmYjExLTE3OTE1NTIyODI3MDUwLTAwMTRmNDdhZTdhYjI5NGJmNDMxMCIsInJkIjoiYml1LmFjLmlsIiwidXpteCI6IjdmYzAwMGI3YjgwYWM5LWQwNTItNDEwNC1iOTM1LWFkMGJhZWY0NTUwZDEtMTc5MTU1MjI4MjcwNTAtMDA4NTMxOWNlMjIyMGFkMzI2MzEwIn0=",Radware Captcha Page,blocked,,,
https://lib.cet.ac.il/pages/,200,https://inactivesite.cet.ac.il/,×××,moved-host,,,
https://lib.cet.ac.il/pages/about.asp,200,https://inactivesite.cet.ac.il/,×××,moved-host,,,
https://lib.cet.ac.il/pages/sub.asp?source=139,200,https://inactivesite.cet.ac.il/,×××,moved-host,,,
https://lib.pshita.cet.ac.il/pages/frontpage.asp,404,https://lib.pshita.cet.ac.il/pages/frontpage.asp,Not Found,dead-404,,,
https://libguides.cjh.org/az.php,200,https://libguides.cjh.org/az.php,A-Z Databases,ok,,,
https://libguides.northwestern.edu/c.php?g=114862&p=749233,200,https://libguides.northwestern.edu/c.php?g=114862&p=749233,Recommended Websites - *Jewish Studies - Research Guides at Northwestern University,ok,,,
https://libraries.ou.edu/content/understanding-academiaedu-and-researchgate,404,https://libraries.ou.edu/impact-challenge-chapter/understanding-academiaedu-and-researchgate,Page not found | OU Libraries,dead-404,,,
https://library.alhatorah.org/,200,https://library.alhatorah.org/,Library – AlHaTorah.org,ok,,,
https://library.alhatorah.org/?r1=Mishna_MS_Kaufmann_Berakhot_1,200,https://library.alhatorah.org/?r1=Mishna_MS_Kaufmann_Berakhot_1,Library – AlHaTorah.org,ok,,,
https://library.alhatorah.org/?r1=Mishnat_Eretz_Yisrael_Berakhot_Introduction,200,https://library.alhatorah.org/?r1=Mishnat_Eretz_Yisrael_Berakhot_Introduction,Library – AlHaTorah.org,ok,,,
https://library.alhatorah.org/?r1=Steinsaltz_Commentary_Berakhot_2a,200,https://library.alhatorah.org/?r1=Steinsaltz_Commentary_Berakhot_2a,Library – AlHaTorah.org,ok,,,
https://library.alhatorah.org/?r1=Targum_Yerushalmi_(Neofiti,200,https://library.alhatorah.org/?r1=Targum_Yerushalmi_(Neofiti,Library – AlHaTorah.org,ok,,,
https://library.alhatorah.org/Editions#English,200,https://library.alhatorah.org/Editions#English,Library – AlHaTorah.org,ok,,,
https://library.brown.edu/iip/about/why_inscription/,403,https://www.inscriptionsisraelpalestine.org/about/why_inscription//,Visitor anti-robot validation,blocked,,,
https://library.brown.edu/iip/index/,403,https://www.inscriptionsisraelpalestine.org/,Visitor anti-robot validation,blocked,,,
https://liebes.huji.ac.il/,200,https://liebes.huji.ac.il/,"יהודה ליבס, פרופסור אמריטוס בקתדרת גרשם שלום, החוג למחשבת ישראל",ok,,,
https://link.springer.com/article/10.1007/s43681-023-00328-y,200,https://link.springer.com/article/10.1007/s43681-023-00328-y,Client Challenge,ok,,,
https://link.springer.com/chapter/10.1007/978-3-032-05155-4_12,200,https://link.springer.com/chapter/10.1007/978-3-032-05155-4_12,Client Challenge,ok,,,
https://link.springer.com/chapter/10.1007/978-3-211-33303-7_2,200,https://link.springer.com/chapter/10.1007/978-3-211-33303-7_2,Client Challenge,ok,,,
https://lizshayne.wordpress.com/tag/sefaria/,200,https://lizshayne.wordpress.com/tag/sefaria/,Sefaria – Liz Shayne,ok,,,
https://maagarim.hebrew-academy.org.il/Pages/PMain.aspx,200,https://maagarim.hebrew-academy.org.il/Pages/PMain.aspx,מפעל המילון ההיסטורי,ok,,,
https://manuscripts.genizah.org/,200,https://fjms.genizah.org,Friedberg Jewish Manuscript Society,moved-host,,,
https://mechon-mamre.org/,200,https://mechon-mamre.org/,Bible and Mishneh Torah for All - Jews and Gentiles / Mechon Mamre,ok,,,
https://mekoros.com,200,https://www.mekoros.com/,"Mekoros — Find Torah Sources across Tanach, Talmud, Rishonim & Acharonim",redirect,,,
"https://merhav.nli.org.il/primo-explore/search?query=any,contains,NNL&sortby=rank&vid=NLI&lang=en_US",403,"https://merhav.nli.org.il/primo-explore/search?query=any,contains,NNL&sortby=rank&vid=NLI&lang=en_US",Checking your browser...,blocked,,,
https://merhav.nli.org.il/primo-explore/search?vid=NLI&lang=iw_IL,403,https://merhav.nli.org.il/primo-explore/search?vid=NLI&lang=iw_IL,Checking your browser...,blocked,,,
https://meshiv.co.il/en/shelot_vetshuvot/to-ask-halachic-questions-for-chat-gbt-ai/,200,https://meshiv.co.il/en/shelot_vetshuvot/to-ask-halachic-questions-for-chat-gbt-ai/,May One Ask Halachic Questions of Artificial Intelligence (AI)? - Meshiv Kahalachah,ok,,,
https://mg.alhatorah.org,200,https://mg.alhatorah.org/,MikraotGedolot – AlHaTorah.org,ok,,,
https://mg.alhatorah.org/Editions,200,https://mg.alhatorah.org/Editions,MikraotGedolot – AlHaTorah.org,ok,,,
https://mikyab.net/%D7%A9%D7%95%D7%AA/%D7%A2%D7%9C-%D7%91%D7%99%D7%A0%D7%94-%D7%9E%D7%9C%D7%90%D7%9B%D7%95%D7%AA%D7%99%D7%AA/,200,https://mikyab.net/%D7%A9%D7%95%D7%AA/%D7%A2%D7%9C-%D7%91%D7%99%D7%A0%D7%94-%D7%9E%D7%9C%D7%90%D7%9B%D7%95%D7%AA%D7%99%D7%AA/,על בינה מלאכותית - הרב מיכאל אברהם,ok,,,
https://mikyab.net/posts/82482/,200,https://mikyab.net/posts/82482/,על פוביות טכנולוגיות ופסיקות של בינה מלאכותית (טור 590) - הרב מיכאל אברהם,ok,,,
https://mishpacha.com/one-for-the-books-3/,200,https://mishpacha.com/one-for-the-books-3/,One for the Books – Mishpacha,ok,,,
https://mitpress.mit.edu/9780262730112/god-and-golem-inc/,403,https://mitpress.mit.edu/9780262730112/god-and-golem-inc/,Access Denied,blocked,,,
https://mobile.twitter.com/Footprints_Heb,200,https://x.com/Footprints_Heb,Footprints Project (@Footprints_Heb) / X,moved-host,,,
https://mobile.twitter.com/dayenupal,200,https://x.com/dayenupal,DayenuPal (@dayenupal) / X,moved-host,,,
https://mobile.twitter.com/hashtag/dhjewish?src=hashtag_click,200,https://x.com/i/jf/onboarding/web?redirect_after_login=%2Fhashtag%2Fdhjewish%3Fsrc%3Dhashtag_click&mode=login,X - The Everything App / X,moved-host,,,
https://mobile.twitter.com/hchesner,200,https://x.com/hchesner,Michelle Margolis (@hchesner) / X,moved-host,,,
https://mosaicmagazine.com/author/philologos/,200,https://ideas.tikvah.org/mosaic/authors/philologos?welcome=mosaic,Philologos | Tikvah Ideas,moved-host,,,
https://mosaicmagazine.com/essay/politics-current-affairs/2024/03/what-artificial-intelligence-has-in-store-for-judaism/,200,https://ideas.tikvah.org/mosaic/essays/what-artificial-intelligence-has-in-store-for-judaism?welcome=mosaic,What Artificial Intelligence Has In Store for Judaism | Tikvah Ideas,moved-host,,,
https://mosaicmagazine.com/response/politics-current-affairs/2024/03/jews-arent-loud-enough-about-ai/,200,https://ideas.tikvah.org/mosaic/essays/responses/jews-arent-loud-enough-about-ai?welcome=mosaic,Jews Aren’t Loud Enough about AI | Tikvah Ideas,moved-host,,,
https://mosaicmagazine.com/response/politics-current-affairs/2024/04/will-jewish-tradition-adapt-to-ai,200,https://ideas.tikvah.org/mosaic/essays/responses/will-jewish-tradition-adapt-to-ai?welcome=mosaic,Will Jewish Tradition Adapt to AI? | Tikvah Ideas,moved-host,,,
https://nachumsite.genizah.org/,200,https://nachumsite.genizah.org/,Friedberg Genizah Project,ok,,,
https://nakdan.dicta.org.il/,200,https://nakdan.dicta.org.il/,הנקדן המהיר,ok,,,
https://netanya.academia.edu/MoshePinchuk,403,https://netanya.academia.edu/MoshePinchuk,Just a moment...,blocked,,,
"https://nli.userservices.exlibrisgroup.com/view/uresolver/972NNL_INST/openurl?Force_direct=false&ctx_enc=info:ofi/enc:UTF-8&ctx_id=10_1&ctx_tim=2022-01-06T17%3A01%3A41IST&ctx_ver=Z39.88-2004&url_ctx_fmt=info:ofi/fmt:kev:mtx:ctx&url_ver=Z39.88-2004&rfr_id=info:sid/primo.exlibrisgroup.com-NNL_ALEPH&req_id=&rft_dat=ie=972NNL_INST/51440491650005171,ie=972NNL_INST:51440491650005171,language=heb,view=NLI&svc_dat=viewit&u.ignore_date_coverage=true&Force_direct=true&is_new_ui=true",200,"https://nli.userservices.exlibrisgroup.com/view/uresolver/972NNL_INST/openurl?Force_direct=false&ctx_enc=info:ofi/enc:UTF-8&ctx_id=10_1&ctx_tim=2022-01-06T17%3A01%3A41IST&ctx_ver=Z39.88-2004&url_ctx_fmt=info:ofi/fmt:kev:mtx:ctx&url_ver=Z39.88-2004&rfr_id=info:sid/primo.exlibrisgroup.com-NNL_ALEPH&req_id=&rft_dat=ie=972NNL_INST/51440491650005171,ie=972NNL_INST:51440491650005171,language=heb,view=NLI&svc_dat=viewit&u.ignore_date_coverage=true&Force_direct=true&is_new_ui=true",בית,ok,,,
https://onegkg.github.io/Jastrow-Search/,200,https://onegkg.github.io/Jastrow-Search/,Jastrow Search,ok,,,
https://onegshabbat.blogspot.com/,200,https://onegshabbat.blogspot.com/,"עונג שבת (עונ""ש)",ok,,,
https://onlinelibrary.wiley.com/doi/10.1111/zygo.12643,403,https://onlinelibrary.wiley.com/doi/10.1111/zygo.12643,Just a moment...,blocked,,,
https://onlinelibrary.wiley.com/doi/abs/10.1111/j.1467-9744.2006.00810.x,403,https://onlinelibrary.wiley.com/doi/abs/10.1111/j.1467-9744.2006.00810.x,Just a moment...,blocked,,,
https://openlibrary.org/search/subjects?q=jewish+&mode=everything,200,https://openlibrary.org/search/subjects?q=jewish+&mode=everything,search/subjects | Open Library,ok,,,
https://opensiddur.org/,403,https://opensiddur.org/,Just a moment...,blocked,,,
https://opensiddur.org/compilations/liturgical/siddurim/kol-bo/maimonides-seder-tefillot/,403,https://opensiddur.org/compilations/liturgical/siddurim/kol-bo/maimonides-seder-tefillot/,Just a moment...,blocked,,,
https://orot.ac.il/%D7%90%D7%95%D7%A8%D7%A9%D7%AA,200,https://orot.ac.il/%D7%90%D7%95%D7%A8%D7%A9%D7%AA,אורשת | מכללת אורות ישראל,ok,,,
https://orot.ac.il/%D7%98%D7%9C%D7%9C%D7%99-%D7%90%D7%95%D7%A8%D7%95%D7%AA,200,https://orot.ac.il/%D7%98%D7%9C%D7%9C%D7%99-%D7%90%D7%95%D7%A8%D7%95%D7%AA,טללי אורות | מכללת אורות ישראל,ok,,,
https://papers.ssrn.com/sol3/papers.cfm?abstract_id=3675987,403,https://papers.ssrn.com/sol3/papers.cfm?abstract_id=3675987,Just a moment...,blocked,,,
https://papers.ssrn.com/sol3/papers.cfm?abstract_id=4093683,403,https://papers.ssrn.com/sol3/papers.cfm?abstract_id=4093683,Just a moment...,blocked,,,
https://papers.ssrn.com/sol3/papers.cfm?abstract_id=4520100,403,https://papers.ssrn.com/sol3/papers.cfm?abstract_id=4520100,Just a moment...,blocked,,,
https://pastebin.com/ztKwQJSU,200,https://pastebin.com/ztKwQJSU,Zohar Dictionary by Daniel Matt - Pastebin.com,ok,,,
https://peace.sites.uu.nl/about/peace/,200,https://peace.sites.uu.nl/about/peace/,Checking your browser. This may take a few seconds…,ok,,,
https://peace.sites.uu.nl/epigraphy/search/,200,https://peace.sites.uu.nl/epigraphy/search/,Checking your browser. This may take a few seconds…,ok,,,
https://play.google.com/store/apps/details?id=com.Rollep.MishneTora&hl=en&gl=US,200,https://play.google.com/store/apps/details?id=com.Rollep.MishneTora&hl=en&gl=US,,ok,,,
https://play.google.com/store/apps/details?id=org.sefaria.sefaria&hl=en&gl=US,200,https://play.google.com/store/apps/details?id=org.sefaria.sefaria&hl=en&gl=US,,ok,,,
https://podcasts.apple.com/us/podcast/belief-in-the-future/id1753951860,200,https://podcasts.apple.com/us/podcast/belief-in-the-future/id1753951860,Belief in the Future - Podcast - Apple Podcasts,ok,,,
https://podcasts.apple.com/us/podcast/can-an-ai-chatbot-answer-my-halakhic-questions/id929388589?i=1000642778203,200,https://podcasts.apple.com/us/podcast/can-an-ai-chatbot-answer-my-halakhic-questions/id929388589?i=1000642778203,Can an AI Chatbot Answer My Haâ¦ - Responsa Radio - Apple Podcasts,ok,,,
https://podcasts.apple.com/us/podcast/good-faith-effort/id1536163226,200,https://podcasts.apple.com/us/podcast/good-faith-effort/id1536163226,Good Faith Effort - Podcast - Apple Podcasts,ok,,,
https://podcasts.apple.com/us/podcast/michael-broyde-ai-and-jewish-law-seeing-how-chatgpt-4/id1525642093?i=1000633360373,200,https://podcasts.apple.com/us/podcast/michael-broyde-ai-and-jewish-law-seeing-how-chatgpt-4/id1525642093?i=1000633360373,Michael Broyde â AI and Jewishâ¦ - Interactions âÂ A Law and Religion Podcast - Apple Podcasts,ok,,,
https://podcasts.apple.com/us/podcast/misfit-torah/id1399327341,200,https://podcasts.apple.com/us/podcast/misfit-torah/id1399327341,Misfit Torah - Podcast - Apple Podcasts,ok,,,
https://pshatgpt.com/,200,https://pshatgpt.com/,PshatGPT,ok,,,
https://publicdomainreview.org/collections/source/british-library,200,https://publicdomainreview.org/collections/source/british-library,,ok,,,
https://rambam.genizah.org/,200,https://fjms.genizah.org,Friedberg Jewish Manuscript Society,moved-host,,,
https://ramhal.net/%d7%a1%d7%a4%d7%a8%d7%99-%d7%95%d7%9e%d7%90%d7%9e%d7%a8%d7%99-%d7%94%d7%a8%d7%9e%d7%97%d7%9c/,200,https://ramhal.net/%D7%A1%D7%A4%D7%A8%D7%99-%D7%95%D7%9E%D7%90%D7%9E%D7%A8%D7%99-%D7%94%D7%A8%D7%9E%D7%97%D7%9C/,"רמח""ל ספרים ומאמרים | הרמחל",redirect,,,
https://rashi.alhatorah.org/,200,https://rashi.alhatorah.org/,Rashi – AlHaTorah.org,ok,,,
https://readcoop.eu/model/hebrew-script-languages/,200,https://www.transkribus.org/models/hebrew-script-languages,"DiJeSt 2.0 | Hebrew, Judeo-Arabic Text Recognition Model | Transkribus",moved-host,,,
https://removenikud.dicta.org.il/,200,https://removenikud.dicta.org.il/,הסרת ניקוד,ok,,,
https://resources.nnlp-il.mafat.ai/,200,https://resources.nnlp-il.mafat.ai/,Hebrew and Arabic NLP Resources,ok,,,
https://safranim.com/,200,https://safranim.com/,Safranim's Blog | איגוד ספרני יהדות,ok,,,
https://safranim.com/2010/12/01/%D7%90%D7%A8%D7%95%D7%9F-%D7%94%D7%A1%D7%A4%D7%A8%D7%99%D7%9D-%D7%94%D7%99%D7%94%D7%95%D7%93%D7%99-%D7%94%D7%9E%D7%9E%D7%95%D7%97%D7%A9%D7%91-%D7%9E%D7%90%D7%92%D7%A8%D7%99-%D7%9E%D7%99%D7%93%D7%A2/,200,https://safranim.com/2010/12/01/%D7%90%D7%A8%D7%95%D7%9F-%D7%94%D7%A1%D7%A4%D7%A8%D7%99%D7%9D-%D7%94%D7%99%D7%94%D7%95%D7%93%D7%99-%D7%94%D7%9E%D7%9E%D7%95%D7%97%D7%A9%D7%91-%D7%9E%D7%90%D7%92%D7%A8%D7%99-%D7%9E%D7%99%D7%93%D7%A2/,ארון הספרים היהודי המקוון – מאגרי מידע ואתרי ספרים סרוקים | Safranim's Blog,ok,,,
https://sapirjournal.org/technology/2023/jewish-ethics-in-an-age-of-autonomous-warfare/,200,https://sapirjournal.org/technology/2023/jewish-ethics-in-an-age-of-autonomous-warfare/,Jewish Ethics in an Age of Autonomous Warfare – SAPIR Journal,ok,,,
https://sapirjournal.org/technology/2023/jewish-technophobia-an-old-story/,200,https://sapirjournal.org/technology/2023/jewish-technophobia-an-old-story/,Jewish Technophobia: An Old Story – SAPIR Journal,ok,,,
https://sapirjournal.org/technology/2023/judaism-at-the-speed-of-technological-change/,200,https://sapirjournal.org/technology/2023/judaism-at-the-speed-of-technological-change/,Judaism at the Speed of Technological Change – SAPIR Journal,ok,,,
https://schechter.ac.il/research-center/midrash/,200,https://schechter.ac.il/research-center/midrash/,מפעל המדרש - מכון שכטר למדעי היהדות,ok,,,
https://scholar.google.com/,200,https://scholar.google.com/,Google Scholar,ok,,,
https://scribalerror.substack.com/,200,https://scribalerror.substack.com/,Scribal Error | Joshua Waxman | Substack,ok,,,
https://search.dicta.org.il/,200,https://search.dicta.org.il/,"חיפוש בתנ""ך",ok,,,
https://seforimblog.com/,200,https://seforimblog.com/,"The Seforim Blog – All about Seforim – New and Old, and Jewish Bibliography",ok,,,
https://seforimblog.com/2022/01/daf-yomi-seforim-on-moed-katan-part-one/,200,https://seforimblog.com/2022/01/daf-yomi-seforim-on-moed-katan-part-one/,"Daf Yomi: Seforim on Moed Katan, Part one – The Seforim Blog",ok,,,
https://seforimblog.com/2022/03/torah-genius-infallibility-and-augmented-intelligence/,200,https://seforimblog.com/2022/03/torah-genius-infallibility-and-augmented-intelligence/,"Torah Genius, Infallibility and Augmented Intelligence – The Seforim Blog",ok,,,
https://seforimblog.com/2023/06/from-print-to-pixel-digital-editions-of-the-talmud-bavli/,200,https://seforimblog.com/2023/06/from-print-to-pixel-digital-editions-of-the-talmud-bavli/,From Print to Pixel: Digital Editions of the Talmud Bavli – The Seforim Blog,ok,,,
https://seforimchatter.buzzsprout.com/1218638/4566857-with-prof-marc-shapiro-discussing-his-books-rav-mazuz-rabbi-dr-yitzchak-isadore-twersky-and-more,200,https://seforimchatter.buzzsprout.com/1218638/episodes/4566857-with-prof-marc-shapiro-discussing-his-books-rav-mazuz-rabbi-dr-yitzchak-isadore-twersky-and-more,"With Prof. Marc Shapiro discussing his books, Rav Mazuz, Rabbi Dr. Yitzchak (Isadore) Twersky and more",redirect,,,
https://seforimchatter.buzzsprout.com/1218638/4566965-with-rabbi-dr-jacob-j-schacter-discussing-rav-yaakov-emden-the-yaavetz,200,https://seforimchatter.buzzsprout.com/1218638/episodes/4566965-with-rabbi-dr-jacob-j-schacter-discussing-rav-yaakov-emden-the-yaavetz,With Rabbi Dr. Jacob J. Schacter discussing Rav Yaakov Emden (the Yaavetz),redirect,,,
https://seforimchatter.buzzsprout.com/1218638/4587641-introduction-show,200,https://seforimchatter.buzzsprout.com/1218638/episodes/4587641-introduction-show,Introduction Show,redirect,,,
https://seforimchatter.com/2026/02/15/sofer-ai-ai-and-torah-with-zach-fisch/,200,https://seforimchatter.com/2026/02/15/sofer-ai-ai-and-torah-with-zach-fisch/,Seforim Chatter,ok,,,
https://segment.dicta.org.il/,200,https://segment.dicta.org.il/,Stylistic Segmentation,ok,,,
https://segulamag.com/,200,https://segulamag.com/,בית - סגולה,ok,,,
https://sfardata.nli.org.il/,403,https://sfardata.nli.org.il/,Checking your browser...,blocked,,,
https://shitufta.org.il/,200,https://shitufta.org.il/,שיתופתא,ok,,,
https://shtarktank.org/p/talmud-torah-in-the-age-of-ai,200,https://shtarktank.org/p/talmud-torah-in-the-age-of-ai,Talmud Torah in the Age of AI,ok,,,
https://sofer.ai,200,https://www.sofer.ai/,Sofer.Ai,redirect,,,
https://sofermahir.hypotheses.org/59,200,https://sofermahir.hypotheses.org/59,,ok,,,
https://synoptic.dicta.org.il/,200,https://synoptic.dicta.org.il/,Synopsis Builder,ok,,,
https://t.me/s/NLITorani,200,https://t.me/NLITorani,Telegram: Contact @NLITorani,redirect,,,
https://talmud-lookup.talmud-lookup-worker.workers.dev/,200,https://talmud-lookup.talmud-lookup-worker.workers.dev/,Talmud Reference Navigator,ok,,,
https://talmud.biu.ac.il/sites/talmud/files/shared/%D7%AA%D7%9C%D7%9E%D7%95%D7%93%20%D7%A1%D7%99%D7%9C%D7%91%D7%95%D7%A1%D7%99%D7%9D%20%D7%AA%D7%A9%D7%A4%D7%91/%D7%90%D7%A8%D7%A0%D7%9309101%D7%94%D7%93%D7%A8%D7%9B%D7%94.pdf,200,https://talmud.biu.ac.il/sites/talmud/files/shared/%D7%AA%D7%9C%D7%9E%D7%95%D7%93%20%D7%A1%D7%99%D7%9C%D7%91%D7%95%D7%A1%D7%99%D7%9D%20%D7%AA%D7%A9%D7%A4%D7%91/%D7%90%D7%A8%D7%A0%D7%9309101%D7%94%D7%93%D7%A8%D7%9B%D7%94.pdf,,ok,,,
https://talmud.page/,200,https://talmud.page/,Search,ok,,,
https://talmudsearch.dicta.org.il/,200,https://talmudsearch.dicta.org.il/,חיפוש בתלמוד - חינמי מבית דיקטה,ok,,,
https://tashma.jewishoffice.co.il/,200,https://tashma.co.il/,תא שמע - מאגר ספרים תורני ובית מדרש דיגיטלי,moved-host,,,
https://thegemara.com/,200,https://thegemara.com/,TheGemara.com,ok,,,
https://thegemara.com/about,200,https://thegemara.com/about/,TheGemara.com,ok,,,
https://thelehrhaus.com/,200,https://thelehrhaus.com/,The Lehrhaus,ok,,,
https://thelehrhaus.com/commentary/ameilut-in-the-age-of-ai/,200,https://thelehrhaus.com/commentary/ameilut-in-the-age-of-ai/,Ameilut in the Age of AI | The Lehrhaus,ok,,,
https://thelehrhaus.com/commentary/on-gizzards-and-the-making-of-rabbis/,200,https://thelehrhaus.com/commentary/on-gizzards-and-the-making-of-rabbis/,On Gizzards and the Making of Rabbis | The Lehrhaus,ok,,,
https://thelehrhaus.com/commentary/the-algorithm-that-couldnt-see-ai-ethics-and-the-halakhic-discipline-of-perception/,200,https://thelehrhaus.com/commentary/the-algorithm-that-couldnt-see-ai-ethics-and-the-halakhic-discipline-of-perception/,The Algorithm That Couldn’t See: AI Ethics and the Halakhic Discipline of Perception | The Lehrhaus,ok,,,
https://thelehrhaus.com/commentary/torah-study-and-the-digital-revolution-a-glimpse-of-the-future/,200,https://thelehrhaus.com/commentary/torah-study-and-the-digital-revolution-a-glimpse-of-the-future/,Torah Study and the Digital Revolution: A Glimpse of the Future | The Lehrhaus,ok,,,
https://thelehrhaus.com/scholarship/rabbi-lamm-aliens-and-imitating-god-in-the-age-of-ai/,200,https://thelehrhaus.com/scholarship/rabbi-lamm-aliens-and-imitating-god-in-the-age-of-ai/,"Rabbi Lamm, Aliens, and Imitating God in the Age of AI | The Lehrhaus",ok,,,
https://thelehrhaus.com/talmud-and-halakhah/,200,https://thelehrhaus.com/talmud-and-halakhah/,Talmud and Halakhah | The Lehrhaus,ok,,,
https://thetalmud.blog/,200,https://thetalmud.blog/,"The Talmud Blog – Talmudic News, Reviews, Culture, Currents and Criticism",ok,,,
https://thetalmud.blog/2016/06/19/we-read-thus-on-hachi-garsinan-and-learning-talmud-in-the-21st-century/,200,https://thetalmud.blog/2016/06/19/we-read-thus-on-hachi-garsinan-and-learning-talmud-in-the-21st-century/,“We Read Thus”: On Hachi Garsinan and Learning Talmud in the 21st century – The Talmud Blog,ok,,,
https://thetalmud.blog/toolbox/search-engines-and-other-web-resources/,200,https://thetalmud.blog/toolbox/search-engines-and-other-web-resources/,Search Engines and Other Web-Resources – The Talmud Blog,ok,,,
https://thetalmud.blog/toolbox/textual-witnesses-pictures-transcriptions-descriptions-and-synopsi/,200,https://thetalmud.blog/toolbox/textual-witnesses-pictures-transcriptions-descriptions-and-synopsi/,Textual Witnesses – The Talmud Blog,ok,,,
https://tikkunsofrim.hypotheses.org/,200,https://tikkunsofrim.hypotheses.org/,,ok,,,
https://tiresias.haifa.ac.il/?subj=burial,500,https://tiresias.haifa.ac.il/?subj=burial,500 Internal Server Error,dead-500,,,
https://tiresias.haifa.ac.il/?subj=ezezez:1778,500,https://tiresias.haifa.ac.il/?subj=ezezez:1778,500 Internal Server Error,dead-500,,,
https://tiresias.haifa.ac.il/?subj=synagogue,500,https://tiresias.haifa.ac.il/?subj=synagogue,500 Internal Server Error,dead-500,,,
https://tiresias.haifa.ac.il/texts,500,https://tiresias.haifa.ac.il/texts,500 Internal Server Error,dead-500,,,
https://torah-mcp.jonathan-ef2.workers.dev,200,https://torah-mcp.jonathan-ef2.workers.dev/,Mamash IA · la discipline des sources pour Claude,ok,,,
https://torah-research.yaakovbeckerman.com/,200,https://torah-research.yaakovbeckerman.com/,Torah Research Board,ok,,,
https://torahtree.com/,200,https://torahtree.com/,אילן התורה,ok,,,
https://traditiononline.org/algorithms-zombies-and-maimonides-god-a-jewish-theology-of-consciousness-for-the-age-of-ai/,200,https://traditiononline.org/algorithms-zombies-and-maimonides-god-a-jewish-theology-of-consciousness-for-the-age-of-ai/,"Algorithms, Zombies and Maimonides’ God: A Jewish Theology of Consciousness for the Age of AI | Tradition Online",ok,,,
https://traditiononline.org/archives/,200,https://traditiononline.org/archives/,Complete Archives | Tradition Online,ok,,,
https://traditiononline.org/tradition-questions-rabbiai/,200,https://traditiononline.org/tradition-questions-rabbiai/,TRADITION Questions: The Rabbi & AI | Tradition Online,ok,,,
https://traditiononline.org/traditionpodcast/,200,https://traditiononline.org/traditionpodcast/,Podcast | Tradition Online,ok,,,
https://twitter.com/SeforimChatter,200,https://x.com/SeforimChatter,SeforimChatter (@SeforimChatter) / X,moved-host,,,
https://twitter.com/genizalab,200,https://x.com/genizalab,Princeton Geniza Lab (@GenizaLab) / X,moved-host,,,
https://twitter.com/mrustow,200,https://x.com/mrustow,Marina Rustow (@mrustow) / X,moved-host,,,
https://twitter.com/nlisrael,200,https://x.com/nlisrael,National Library of Israel (@NLIsrael) / X,moved-host,,,
https://twitter.com/nlitorani,404,https://x.com/nlitorani,User Profile Not Found - X | 404 Error,dead-404,,,
https://ucsb.academia.edu/ElliotWolfson,403,https://ucsb.academia.edu/ElliotWolfson,Just a moment...,blocked,,,
https://web.archive.org/web/20050209182706/http://www.virtualgeula.com/archival/eng/cat-ti-e.htm#BB,429,https://web.archive.org/web/20050209182706/http://www.virtualgeula.com/archival/eng/cat-ti-e.htm#BB,,blocked,,,
https://web.archive.org/web/20070311031116/http://www.digento.de/zusatz/101413_01,429,https://web.archive.org/web/20070311031116/http://www.digento.de/zusatz/101413_01,,blocked,,,
https://web.nli.org.il/sites/NLI/Hebrew/digitallibrary/moreshet_bareshet/Pages/default.aspx,410,https://web.nli.org.il/sites/NLI/Hebrew/digitallibrary/moreshet_bareshet/Pages/default.aspx,410 Gone,dead-410,,,
https://web.nli.org.il/sites/NLI/Hebrew/library/services/interlibrary%20loan/Pages/photos_loan.aspx,410,https://web.nli.org.il/sites/NLI/Hebrew/library/services/interlibrary%20loan/Pages/photos_loan.aspx,410 Gone,dead-410,,,
https://web.nli.org.il/sites/nli/hebrew/collections/jewish-collection/talmud/pages/default.aspx,410,https://web.nli.org.il/sites/nli/hebrew/collections/jewish-collection/talmud/pages/default.aspx,410 Gone,dead-410,,,
https://web.nli.org.il/sites/nlis/en/manuscript,410,https://web.nli.org.il/sites/nlis/en/manuscript,410 Gone,dead-410,,,
https://wordplay.dicta.org.il/,200,https://wordplay.dicta.org.il/,חרוזית - חינמי מבית דיקטה,ok,,,
https://www.929.org.il/p/home,200,https://www.929.org.il/p/home,Home | 929 – תנך ביחד,ok,,,
https://www.929.org.il/page/528/post/12882,200,https://www.929.org.il/page/528/post/12882,929 – תנך ביחד | עובדיה א | מושג ישראלי: מה עומד על הפרק?,ok,,,
https://www.academia.edu/,403,https://www.academia.edu/,Just a moment...,blocked,,,
https://www.academia.edu/106385574/Words_of_Wisdom_Word_Counts_of_Classical_Jewish_Works,403,https://www.academia.edu/106385574/Words_of_Wisdom_Word_Counts_of_Classical_Jewish_Works,Just a moment...,blocked,,,
https://www.academia.edu/11120558/%D7%9E%D7%97%D7%91%D7%A8%D7%95%D7%AA_%D7%9E%D7%A0%D7%97%D7%9E%D7%99%D7%95%D7%AA_%D7%AA%D7%9C%D7%9E%D7%95%D7%93_%D7%91%D7%91%D7%9C%D7%99_%D7%A7%D7%99%D7%93%D7%95%D7%A9%D7%99%D7%9F_%D7%A4%D7%A8%D7%A7_%D7%90_%D7%9E%D7%A9%D7%A0%D7%94_%D7%90_%D7%91_%D7%A2_%D7%90_%D7%99%D7%93_%D7%A2_%D7%91_,403,https://www.academia.edu/11120558/%D7%9E%D7%97%D7%91%D7%A8%D7%95%D7%AA_%D7%9E%D7%A0%D7%97%D7%9E%D7%99%D7%95%D7%AA_%D7%AA%D7%9C%D7%9E%D7%95%D7%93_%D7%91%D7%91%D7%9C%D7%99_%D7%A7%D7%99%D7%93%D7%95%D7%A9%D7%99%D7%9F_%D7%A4%D7%A8%D7%A7_%D7%90_%D7%9E%D7%A9%D7%A0%D7%94_%D7%90_%D7%91_%D7%A2_%D7%90_%D7%99%D7%93_%D7%A2_%D7%91_,Just a moment...,blocked,,,
https://www.academia.edu/13224118/%D7%9E%D7%97%D7%91%D7%A8%D7%95%D7%AA_%D7%9E%D7%A0%D7%97%D7%9E%D7%99%D7%95%D7%AA_%D7%AA%D7%9C%D7%9E%D7%95%D7%93_%D7%91%D7%91%D7%9C%D7%99_%D7%A7%D7%99%D7%93%D7%95%D7%A9%D7%99%D7%9F_%D7%A4%D7%A8%D7%A7_%D7%90_%D7%9E%D7%A9%D7%A0%D7%99%D7%95%D7%AA_%D7%91_%D7%92_%D7%9E%D7%A1%D7%9B%D7%AA_%D7%A2%D7%91%D7%93%D7%99%D7%9D_%D7%99%D7%93_%D7%A2_%D7%91_%D7%9B%D7%94_%D7%A2_%D7%91_Qiddushin,403,https://www.academia.edu/13224118/%D7%9E%D7%97%D7%91%D7%A8%D7%95%D7%AA_%D7%9E%D7%A0%D7%97%D7%9E%D7%99%D7%95%D7%AA_%D7%AA%D7%9C%D7%9E%D7%95%D7%93_%D7%91%D7%91%D7%9C%D7%99_%D7%A7%D7%99%D7%93%D7%95%D7%A9%D7%99%D7%9F_%D7%A4%D7%A8%D7%A7_%D7%90_%D7%9E%D7%A9%D7%A0%D7%99%D7%95%D7%AA_%D7%91_%D7%92_%D7%9E%D7%A1%D7%9B%D7%AA_%D7%A2%D7%91%D7%93%D7%99%D7%9D_%D7%99%D7%93_%D7%A2_%D7%91_%D7%9B%D7%94_%D7%A2_%D7%91_Qiddushin,Just a moment...,blocked,,,
https://www.academia.edu/18819286/Qiddushin_%D7%9E%D7%97%D7%91%D7%A8%D7%95%D7%AA_%D7%9E%D7%A0%D7%97%D7%9E%D7%99%D7%95%D7%AA_%D7%AA%D7%9C%D7%9E%D7%95%D7%93_%D7%91%D7%91%D7%9C%D7%99_%D7%A7%D7%99%D7%93%D7%95%D7%A9%D7%99%D7%9F_%D7%A4%D7%A8%D7%A7_%D7%90_%D7%9E%D7%A9%D7%A0%D7%99%D7%95%D7%AA_%D7%93_%D7%95_%D7%A7%D7%A0%D7%99%D7%99%D7%A0%D7%99_%D7%91%D7%94%D7%9E%D7%94_%D7%95%D7%A0%D7%9B%D7%A1%D7%99%D7%9D_%D7%9B%D7%94_%D7%A2_%D7%91_%D7%9B%D7%98_%D7%A2_%D7%90_,403,https://www.academia.edu/18819286/Qiddushin_%D7%9E%D7%97%D7%91%D7%A8%D7%95%D7%AA_%D7%9E%D7%A0%D7%97%D7%9E%D7%99%D7%95%D7%AA_%D7%AA%D7%9C%D7%9E%D7%95%D7%93_%D7%91%D7%91%D7%9C%D7%99_%D7%A7%D7%99%D7%93%D7%95%D7%A9%D7%99%D7%9F_%D7%A4%D7%A8%D7%A7_%D7%90_%D7%9E%D7%A9%D7%A0%D7%99%D7%95%D7%AA_%D7%93_%D7%95_%D7%A7%D7%A0%D7%99%D7%99%D7%A0%D7%99_%D7%91%D7%94%D7%9E%D7%94_%D7%95%D7%A0%D7%9B%D7%A1%D7%99%D7%9D_%D7%9B%D7%94_%D7%A2_%D7%91_%D7%9B%D7%98_%D7%A2_%D7%90_,Just a moment...,blocked,,,
https://www.academia.edu/21126241/%D7%9E%D7%97%D7%91%D7%A8%D7%95%D7%AA_%D7%9E%D7%A0%D7%97%D7%9E%D7%99%D7%95%D7%AA_%D7%AA%D7%9C%D7%9E%D7%95%D7%93_%D7%91%D7%91%D7%9C%D7%99_%D7%9E%D7%A1%D7%9B%D7%AA_%D7%A7%D7%99%D7%93%D7%95%D7%A9%D7%99%D7%9F_%D7%A4%D7%A8%D7%A7_%D7%90_%D7%9E%D7%A9%D7%A0%D7%99%D7%95%D7%AA_%D7%96_%D7%99_%D7%9E%D7%A1%D7%9B%D7%AA_%D7%9E%D7%A6%D7%95%D7%95%D7%AA_%D7%9B%D7%98_%D7%A2_%D7%90_%D7%9E%D7%90_%D7%A2_%D7%90_,403,https://www.academia.edu/21126241/%D7%9E%D7%97%D7%91%D7%A8%D7%95%D7%AA_%D7%9E%D7%A0%D7%97%D7%9E%D7%99%D7%95%D7%AA_%D7%AA%D7%9C%D7%9E%D7%95%D7%93_%D7%91%D7%91%D7%9C%D7%99_%D7%9E%D7%A1%D7%9B%D7%AA_%D7%A7%D7%99%D7%93%D7%95%D7%A9%D7%99%D7%9F_%D7%A4%D7%A8%D7%A7_%D7%90_%D7%9E%D7%A9%D7%A0%D7%99%D7%95%D7%AA_%D7%96_%D7%99_%D7%9E%D7%A1%D7%9B%D7%AA_%D7%9E%D7%A6%D7%95%D7%95%D7%AA_%D7%9B%D7%98_%D7%A2_%D7%90_%D7%9E%D7%90_%D7%A2_%D7%90_,Just a moment...,blocked,,,
https://www.academia.edu/24587460/%D7%9E%D7%97%D7%91%D7%A8%D7%95%D7%AA_%D7%9E%D7%A0%D7%97%D7%9E%D7%99%D7%95%D7%AA_%D7%A7%D7%99%D7%93%D7%95%D7%A9%D7%99%D7%9F_%D7%A4%D7%A8%D7%A7_%D7%91_Qiddushin,403,https://www.academia.edu/24587460/%D7%9E%D7%97%D7%91%D7%A8%D7%95%D7%AA_%D7%9E%D7%A0%D7%97%D7%9E%D7%99%D7%95%D7%AA_%D7%A7%D7%99%D7%93%D7%95%D7%A9%D7%99%D7%9F_%D7%A4%D7%A8%D7%A7_%D7%91_Qiddushin,Just a moment...,blocked,,,
https://www.academia.edu/25088401/%D7%9E%D7%97%D7%91%D7%A8%D7%95%D7%AA_%D7%9E%D7%A0%D7%97%D7%9E%D7%99%D7%95%D7%AA_%D7%A7%D7%99%D7%93%D7%95%D7%A9%D7%99%D7%9F_%D7%A4%D7%A8%D7%A7_%D7%92_%D7%A0%D7%97_%D7%A2_%D7%91_%D7%A1%D7%98_%D7%A2_%D7%90_Qiddushin,403,https://www.academia.edu/25088401/%D7%9E%D7%97%D7%91%D7%A8%D7%95%D7%AA_%D7%9E%D7%A0%D7%97%D7%9E%D7%99%D7%95%D7%AA_%D7%A7%D7%99%D7%93%D7%95%D7%A9%D7%99%D7%9F_%D7%A4%D7%A8%D7%A7_%D7%92_%D7%A0%D7%97_%D7%A2_%D7%91_%D7%A1%D7%98_%D7%A2_%D7%90_Qiddushin,Just a moment...,blocked,,,
https://www.academia.edu/25445026/%D7%9E%D7%97%D7%91%D7%A8%D7%95%D7%AA_%D7%9E%D7%A0%D7%97%D7%9E%D7%99%D7%95%D7%AA_%D7%A7%D7%99%D7%93%D7%95%D7%A9%D7%99%D7%9F_%D7%A4%D7%A8%D7%A7_%D7%93_Qiddushin,403,https://www.academia.edu/25445026/%D7%9E%D7%97%D7%91%D7%A8%D7%95%D7%AA_%D7%9E%D7%A0%D7%97%D7%9E%D7%99%D7%95%D7%AA_%D7%A7%D7%99%D7%93%D7%95%D7%A9%D7%99%D7%9F_%D7%A4%D7%A8%D7%A7_%D7%93_Qiddushin,Just a moment...,blocked,,,
https://www.academia.edu/30989122/A_Database_for_the_Research_of_Talmud_Yerushalmi_Hebrew_,403,https://www.academia.edu/30989122/A_Database_for_the_Research_of_Talmud_Yerushalmi_Hebrew_,Just a moment...,blocked,,,
https://www.academia.edu/38628191/Best_of_the_Web_for_the_Zohar_lectures_interviews_conferences_and_courses_rev_5_11_20_,403,https://www.academia.edu/38628191/Best_of_the_Web_for_the_Zohar_lectures_interviews_conferences_and_courses_rev_5_11_20_,Just a moment...,blocked,,,
https://www.academia.edu/39895312/%D7%9E%D7%95%D7%A8%D7%94_%D7%94%D7%A0%D7%91%D7%95%D7%9B%D7%99%D7%9D_%D7%A8%D7%A9%D7%99%D7%9E%D7%AA_%D7%9E%D7%95%D7%A0%D7%97%D7%99_%D7%AA%D7%A8%D7%92%D7%95%D7%9D_%D7%95%D7%91%D7%99%D7%91%D7%9C%D7%99%D7%95%D7%92%D7%A8%D7%A4%D7%99%D7%94_Guide_for_the_Perplexed_Glossary_and_bibliography,403,https://www.academia.edu/39895312/%D7%9E%D7%95%D7%A8%D7%94_%D7%94%D7%A0%D7%91%D7%95%D7%9B%D7%99%D7%9D_%D7%A8%D7%A9%D7%99%D7%9E%D7%AA_%D7%9E%D7%95%D7%A0%D7%97%D7%99_%D7%AA%D7%A8%D7%92%D7%95%D7%9D_%D7%95%D7%91%D7%99%D7%91%D7%9C%D7%99%D7%95%D7%92%D7%A8%D7%A4%D7%99%D7%94_Guide_for_the_Perplexed_Glossary_and_bibliography,Just a moment...,blocked,,,
https://www.academia.edu/43891992/The_Golem_in_the_Age_of_Artificial_Intelligence,403,https://www.academia.edu/43891992/The_Golem_in_the_Age_of_Artificial_Intelligence,Just a moment...,blocked,,,
https://www.academia.edu/59622961/_Three_Lectures_on_Habad_Hasidism_Schocken_Institute_Jerusalem_November_8_15_22_2021_Poser_Video_,403,https://www.academia.edu/59622961/_Three_Lectures_on_Habad_Hasidism_Schocken_Institute_Jerusalem_November_8_15_22_2021_Poser_Video_,Just a moment...,blocked,,,
https://www.academia.edu/72403082/Talmud_Yerushalmi_Digital_Critical_Edition_IRCDL_2022,403,https://www.academia.edu/72403082/Talmud_Yerushalmi_Digital_Critical_Edition_IRCDL_2022,Just a moment...,blocked,,,
https://www.academia.edu/72820895/Mahbarot_Menachamyiot_%D7%90%D7%A7%D7%93%D7%9E%D7%95%D7%AA_%D7%9C%D7%9E%D7%94%D7%93%D7%95%D7%A8%D7%94_%D7%A9%D7%9C_%D7%94%D7%AA%D7%9C%D7%9E%D7%95%D7%93_%D7%94%D7%91%D7%91%D7%9C%D7%99_%D7%9E%D7%A1%D7%9B%D7%AA_%D7%A7%D7%99%D7%93%D7%95%D7%A9%D7%99%D7%9F_%D7%9E%D7%97%D7%91%D7%A8%D7%95%D7%AA_%D7%9E%D7%A0%D7%97%D7%9E%D7%99%D7%95%D7%AA,403,https://www.academia.edu/72820895/Mahbarot_Menachamyiot_%D7%90%D7%A7%D7%93%D7%9E%D7%95%D7%AA_%D7%9C%D7%9E%D7%94%D7%93%D7%95%D7%A8%D7%94_%D7%A9%D7%9C_%D7%94%D7%AA%D7%9C%D7%9E%D7%95%D7%93_%D7%94%D7%91%D7%91%D7%9C%D7%99_%D7%9E%D7%A1%D7%9B%D7%AA_%D7%A7%D7%99%D7%93%D7%95%D7%A9%D7%99%D7%9F_%D7%9E%D7%97%D7%91%D7%A8%D7%95%D7%AA_%D7%9E%D7%A0%D7%97%D7%9E%D7%99%D7%95%D7%AA,Just a moment...,blocked,,,
https://www.academia.edu/83275646/Resources_for_the_Critical_Study_of_Rabbinic_Literature_in_the_Twenty_First_Century_in_Compendia_Rerum_Iudaicarum_ad_Novum_Testamentum_CRINT_16_Christine_Hayes_ed_Leiden_The_Netherlands_Brill_2022_pp_621_632,403,https://www.academia.edu/83275646/Resources_for_the_Critical_Study_of_Rabbinic_Literature_in_the_Twenty_First_Century_in_Compendia_Rerum_Iudaicarum_ad_Novum_Testamentum_CRINT_16_Christine_Hayes_ed_Leiden_The_Netherlands_Brill_2022_pp_621_632,Just a moment...,blocked,,,
https://www.academia.edu/93648655/Meta_index_of_Halacha_Bruras_index_of_scanned_Jewish_books,403,https://www.academia.edu/93648655/Meta_index_of_Halacha_Bruras_index_of_scanned_Jewish_books,Just a moment...,blocked,,,
https://www.academia.edu/94100918/Index_by_century_discussed_of_interviews_of_historians_on_Seforim_Chatter_podcast,403,https://www.academia.edu/94100918/Index_by_century_discussed_of_interviews_of_historians_on_Seforim_Chatter_podcast,Just a moment...,blocked,,,
https://www.academia.edu/94396791/List_of_some_Greek_loan_words_in_Hazalic_writings,403,https://www.academia.edu/94396791/List_of_some_Greek_loan_words_in_Hazalic_writings,Just a moment...,blocked,,,
https://www.amazon.com/Cambridge-Companion-Rabbinic-Literature-Companions-ebook/dp/B00AA8JWQ0/,200,https://www.amazon.com/Cambridge-Companion-Rabbinic-Literature-Companions-ebook/dp/B00AA8JWQ0/,"The Cambridge Companion to the Talmud and Rabbinic Literature (Cambridge Companions to Religion) - Kindle edition by Fonrobert, Charlotte Elisheva, Jaffee, Martin S.. Religion & Spirituality Kindle eB",ok,,,
https://www.amazon.com/Golem-Magical-Mystical-Traditions-Artificial/dp/0791423875,200,https://www.amazon.com/Golem-Magical-Mystical-Traditions-Artificial/dp/0791423875,"Amazon.com: Perplexity and Ultimacy: Metaphysical Thoughts from the Middle: 9780791423875: Desmond, William: Books",ok,,,
https://www.amazon.com/Golems-Among-Us-Navigate-Biotech/dp/1566635683,200,https://www.amazon.com/Golems-Among-Us-Navigate-Biotech/dp/1566635683,"Golems Among Us: How a Jewish Legend Can Help Us Navigate the Biotech Century: Sherwin, Byron L.: 9781566635684: Amazon.com: Books",ok,,,
https://www.amazon.com/Like-Silicon-Clay-Ancient-Jewish/dp/0844750840/,200,https://www.amazon.com/Like-Silicon-Clay-Ancient-Jewish/dp/0844750840/,"Like Silicon From Clay: What Ancient Jewish Wisdom Can Teach Us About AI: Rosen, Michael M.: 9780844750842: Amazon.com: Books",ok,,,
https://www.amazon.com/dp/B00B4FJ9BQ,200,https://www.amazon.com/dp/B00B4FJ9BQ,"Amazon.com: The Jewish Enlightenment (Jewish Culture and Contexts) eBook : Feiner, Shmuel, Naor, Chaya: Kindle Store",ok,,,
https://www.amazon.com/dp/B00DY57D6C,200,https://www.amazon.com/dp/B00DY57D6C,"The Formation of the Babylonian Talmud - Kindle edition by Halivni, David Weiss, Rubenstein, Jeffrey L., Rubenstein, Jeffrey L.. Religion & Spirituality Kindle eBooks @ Amazon.com.",ok,,,
https://www.amazon.com/dp/B00SVSGVSI/,200,https://www.amazon.com/dp/B00SVSGVSI/,"From the Maccabees to the Mishnah, Third Edition - Kindle edition by Cohen, Shaye. Religion & Spirituality Kindle eBooks @ Amazon.com.",ok,,,
https://www.amazon.com/dp/B084YWP1C8,200,https://www.amazon.com/dp/B084YWP1C8,"The Iranian Talmud: Reading the Bavli in Its Sasanian Context (Divinations: Rereading Late Ancient Religion) - Kindle edition by Secunda, Shai. Religion & Spirituality Kindle eBooks @ Amazon.com.",ok,,,
https://www.ariel.ac.il/wp/moreshet-israel-jurnal/,247,https://www.ariel.ac.il/wp/moreshet-israel-jurnal/,,ok,,,
https://www.associationforjewishstudies.org/professional-development/professional-development/digital-jewish-studies/perspectives-on-technology/online-resources-for-talmud-research-study-and-teaching,404,https://www.associationforjewishstudies.org/professional-development/professional-development/digital-jewish-studies/perspectives-on-technology/online-resources-for-talmud-research-study-and-teaching,,dead-404,,,
https://www.balashon.com/,200,https://www.balashon.com/,Balashon - Hebrew Language Detective,ok,,,
https://www.bhol.co.il/forums/forum.asp?cat_id=38&forum_id=19616,200,https://forums.bhol.co.il/forums/forum.asp?cat_id=38&forum_id=19616,ôåøåí: ñôøéí åñåôøéí - ùéøä ñôøåú åôøåæä  áçãøé çøãéí,moved-host,,,
https://www.bonayich.com/project/otzar-hadmuyot/,200,https://www.bonayich.com/project/otzar-hadmuyot/,Otzar Hadmuyot - Bonayich,ok,,,
https://www.cantors.org/journal-of-synagogue-music/,200,https://www.cantors.org/journal-of-synagogue-music/,Journal of Synagogue Music Archive - Cantors Assembly,ok,,,
https://www.ccarnet.org/ccar-responsa/5784-2-artificial-intelligence-and-authorship/,429,https://www.ccarnet.org/ccar-responsa/5784-2-artificial-intelligence-and-authorship/,429 Too Many Requests,blocked,,,
https://www.ccarnet.org/wp-content/uploads/2025/12/Fall-2025_At-the-Gates.pdf,429,https://www.ccarnet.org/wp-content/uploads/2025/12/Fall-2025_At-the-Gates.pdf,429 Too Many Requests,blocked,,,
https://www.ccarpress.org/9780881236736/ccar-journal-fall-2025/,200,https://www.ccarpress.org/9780881236736/ccar-journal-fall-2025/,CCAR Journal - Fall 2025 - CCAR Press,ok,,,
https://www.chronicle.com/article/metrics-mania/,200,https://www.chronicle.com/article/metrics-mania/,The Case Against Academia.edu,ok,,,
https://www.cotar-online.co.il/default.aspx?action=showKitveiEt,200,https://www.cotar-online.co.il/default.aspx?action=showKitveiEt,Cotar Project - Collection Of Torah Articles | פרויקט כותר - מאגר ממוחשב של מאמרים תורניים,ok,,,
https://www.daat.ac.il/,200,https://www.daat.ac.il/,דעת לימודי יהדות ורוח,ok,,,
https://www.degruyter.com/document/doi/10.1515/9783110709834/html,202,https://www.degruyterbrill.com:443/document/doi/10.1515/9783110709834/html,,moved-host,,,
https://www.degruyter.com/search?query=licenseType%3A%22open-access%22&startItem=0&pageSize=10&sortBy=relevance&subjectFacet=JS&documentTypeFacet=book&languageFacet=en,202,https://www.degruyterbrill.com:443/search?query=licenseType%3A%22open-access%22&startItem=0&pageSize=10&sortBy=relevance&subjectFacet=JS&documentTypeFacet=book&languageFacet=en,,moved-host,,,
https://www.degruyter.com/serial/jertal-b/html,200,https://www.degruyterbrill.com:443/serial/jertal-b/html,"The Jerusalem Talmud - Edition, Translation, and Commentary",moved-host,,,
https://www.digitalhumanities.org/dhq/vol/17/1/000651/000651.html,200,https://dhq.digitalhumanities.org/vol/17/1/000651/000651.html,DHQ: Digital Humanities Quarterly: Tiresias: A Novel Approach for Mining Book Indices,moved-host,,,
https://www.divreinavon.com,200,https://divreinavon.com/,Divrei Navon Homepage - Divrei Navon,redirect,,,
https://www.eurojewishstudies.org/digital-forum-showcase-reports/epidat/,200,https://www.eurojewishstudies.org/digital-forum-showcase-reports/epidat/,Digital Forum Showcases: Epidat – European Association for Jewish Studies,ok,,,
https://www.eurojewishstudies.org/digital-forum-showcase-reports/escriptorium/,200,https://www.eurojewishstudies.org/digital-forum-showcase-reports/escriptorium/,Digital Forum Showcases: eScriptorium – European Association for Jewish Studies,ok,,,
https://www.eurojewishstudies.org/wp-content/uploads/2018/06/eajs-resources-17-09-07.pdf,200,https://www.eurojewishstudies.org/wp-content/uploads/2018/06/eajs-resources-17-09-07.pdf,,ok,,,
https://www.ezrabrand.com/,200,https://www.ezrabrand.com/,Talmud & Tech | Ezra Brand | Substack,ok,,,
https://www.ezrabrand.com/p/can-artificial-intelligence-pasken,200,https://www.ezrabrand.com/p/can-artificial-intelligence-pasken,Can Artificial Intelligence Pasken? - Pt.3 - by Ezra Brand,ok,,,
https://www.ezrabrand.com/p/cataloguing-my-blogposts-an-organized-78d,200,https://www.ezrabrand.com/p/cataloguing-my-blogposts-an-organized-78d,Cataloging My Blogposts: An Organized Breakdown by Category,ok,,,
https://www.ezrabrand.com/p/evaluating-al-hatorahs-digital-repository,200,https://www.ezrabrand.com/p/evaluating-al-hatorahs-digital-repository,"Evaluating Al-Hatorah's Digital Repository: Exploring Its Excellent Tanakh and Talmud Commentaries, and More",ok,,,
https://www.ezrabrand.com/p/the-robot-rabbi-chatgpt5s-stance,200,https://www.ezrabrand.com/p/the-robot-rabbi-chatgpt5s-stance,"The Robot Rabbi: ChatGPT5’s Stance on Assuming the Role of a Posek, Rabbi, or Talmud Scholar",ok,,,
https://www.facebook.com/NEAlibrary/?ref=aymt_homepage_panel,400,https://www.facebook.com/NEAlibrary/?ref=aymt_homepage_panel,Error,dead-400,,,
https://www.facebook.com/groups/2213868834/,400,https://www.facebook.com/groups/2213868834/,Error,dead-400,,,
https://www.facebook.com/nathan.hirsch1,400,https://www.facebook.com/nathan.hirsch1,Error,dead-400,,,
https://www.forbes.com/sites/drsarahbond/2017/01/23/dear-scholars-delete-your-account-at-academia-edu/?sh=17bc56872d62,403,https://www.forbes.com/sites/drsarahbond/2017/01/23/dear-scholars-delete-your-account-at-academia-edu/?sh=17bc56872d62,forbes.com,blocked,,,
https://www.google.com/search?q=Encyclopaedia+Judaica+site%3Ahttps%3A%2F%2Fwww.encyclopedia.com%2F&lr=&safe=images&as_qdr=all&sxsrf=AOaemvKXF14_YwN1km1VZc1A5Ydsgo3PZg%3A1643176582404&ei=huLwYeb2F_2p9u8PwNiUwAk&ved=0ahUKEwjm0fzj3c71AhX9lP0HHUAsBZgQ4dUDCA4&uact=5&oq=Encyclopaedia+Judaica+site%3Ahttps%3A%2F%2Fwww.encyclopedia.com%2F&gs_lcp=Cgdnd3Mtd2l6EAM6BwgAEEcQsANKBAhBGABKBAhGGABQ7ANYtDBg-zNoAXACeACAAWuIAdYBkgEDMC4ymAEAoAECoAEByAEDwAEB&sclient=gws-wiz,200,https://www.google.com/search?q=Encyclopaedia+Judaica+site%3Ahttps%3A%2F%2Fwww.encyclopedia.com%2F&lr=&safe=images&as_qdr=all&sxsrf=AOaemvKXF14_YwN1km1VZc1A5Ydsgo3PZg%3A1643176582404&ei=huLwYeb2F_2p9u8PwNiUwAk&ved=0ahUKEwjm0fzj3c71AhX9lP0HHUAsBZgQ4dUDCA4&uact=5&oq=Encyclopaedia+Judaica+site%3Ahttps%3A%2F%2Fwww.encyclopedia.com%2F&gs_lcp=Cgdnd3Mtd2l6EAM6BwgAEEcQsANKBAhBGABKBAhGGABQ7ANYtDBg-zNoAXACeACAAWuIAdYBkgEDMC4ymAEAoAECoAEByAEDwAEB&sclient=gws-wiz,Google Search,ok,,,
https://www.haaretz.co.il/magazine/the-edge/mehasafa/.premium-1.2853618,200,https://www.haaretz.co.il/magazine/the-edge/mehasafa/2016-02-17/ty-article/.premium/0000017f-db69-df62-a9ff-dfff7bfc0000,המילה שַׁחְצָן: מה הקשר בין אריות לנחשים וביניהם לבין יוהרה? - מהשפה פנימה,redirect,,,
https://www.hamichlol.org.il/%D7%A7%D7%98%D7%92%D7%95%D7%A8%D7%99%D7%94:%D7%94%D7%9E%D7%9B%D7%9C%D7%95%D7%9C:_%D7%A2%D7%A8%D7%9B%D7%99%D7%9D_%D7%A9%D7%A0%D7%95%D7%A6%D7%A8%D7%95_%D7%91%D7%9E%D7%9B%D7%9C%D7%95%D7%9C,403,https://www.hamichlol.org.il/%D7%A7%D7%98%D7%92%D7%95%D7%A8%D7%99%D7%94:%D7%94%D7%9E%D7%9B%D7%9C%D7%95%D7%9C:_%D7%A2%D7%A8%D7%9B%D7%99%D7%9D_%D7%A9%D7%A0%D7%95%D7%A6%D7%A8%D7%95_%D7%91%D7%9E%D7%9B%D7%9C%D7%95%D7%9C,Just a moment...,blocked,,,
https://www.hartman.org.il/biblebybot/,200,https://www.hartman.org.il/biblebybot/,Bible by Bot,ok,,,
https://www.hartman.org.il/torah-like-technology-is-a-form-of-optimism/,200,https://www.hartman.org.il/torah-like-technology-is-a-form-of-optimism/,"Torah, Like Technology, is a Form of Optimism",ok,,,
https://www.hassidout.org/hassidout/Textes_Kodech/Kabbalah/index.php-rootid=103.htm,200,https://www.hassidout.org/hassidout/Textes_Kodech/Kabbalah/index.php-rootid=103.htm,Sifrey Kabbalah (hebrew),ok,,,
https://www.hebrewbooks.org/journals,200,https://www.hebrewbooks.org/journals,HebrewBooks.org - Browse Seforim,ok,,,
https://www.heichal.co.il/departments/%D7%A1%D7%A4%D7%A8%D7%99%D7%9D/1,200,https://www.heichal.co.il/departments/%D7%A1%D7%A4%D7%A8%D7%99%D7%9D/1,ספרים - היכל מנחם,ok,,,
https://www.herzog.ac.il/library-page/%d7%9e%d7%90%d7%92%d7%a8%d7%99%d7%9d-%d7%91%d7%97%d7%95%d7%92-%d7%9c%d7%9c%d7%a9%d7%95%d7%9f-%d7%a2%d7%91%d7%a8%d7%99%d7%aa/,404,https://www.herzog.ac.il/library-page/%D7%9E%D7%90%D7%92%D7%A8%D7%99%D7%9D-%D7%91%D7%97%D7%95%D7%92-%D7%9C%D7%9C%D7%A9%D7%95%D7%9F-%D7%A2%D7%91%D7%A8%D7%99%D7%AA/,העמוד לא נמצא - הרצוג,dead-404,,,
https://www.herzog.ac.il/library-page/%d7%9e%d7%90%d7%92%d7%a8%d7%99%d7%9d-%d7%91%d7%97%d7%95%d7%92-%d7%9c%d7%9e%d7%97%d7%a9%d7%91%d7%aa-%d7%99%d7%a9%d7%a8%d7%90%d7%9c/,404,https://www.herzog.ac.il/library-page/%D7%9E%D7%90%D7%92%D7%A8%D7%99%D7%9D-%D7%91%D7%97%D7%95%D7%92-%D7%9C%D7%9E%D7%97%D7%A9%D7%91%D7%AA-%D7%99%D7%A9%D7%A8%D7%90%D7%9C/,העמוד לא נמצא - הרצוג,dead-404,,,
https://www.herzog.ac.il/library-page/%d7%9e%d7%90%d7%92%d7%a8%d7%99%d7%9d-%d7%91%d7%97%d7%95%d7%92-%d7%9c%d7%a1%d7%a4%d7%a8%d7%95%d7%aa-%d7%a2%d7%91%d7%a8%d7%99%d7%aa/,404,https://www.herzog.ac.il/library-page/%D7%9E%D7%90%D7%92%D7%A8%D7%99%D7%9D-%D7%91%D7%97%D7%95%D7%92-%D7%9C%D7%A1%D7%A4%D7%A8%D7%95%D7%AA-%D7%A2%D7%91%D7%A8%D7%99%D7%AA/,העמוד לא נמצא - הרצוג,dead-404,,,
https://www.jellomenorah.com/p/deep-search-will-change-jewish-law,200,https://www.jellomenorah.com/p/deep-search-will-change-jewish-law,Deep Research will change Jewish Law - by DZ Kalman,ok,,,
https://www.jewishbookcouncil.org/book/staying-human-a-jewish-theology-for-the-age-of-artificial-intelligence,200,https://www.jewishbookcouncil.org/book/staying-human-a-jewish-theology-for-the-age-of-artificial-intelligence,Staying Human: A Jewish Theology for the Age of Artificial Intelligence | Jewish Book Council,ok,,,
https://www.jewishencyclopedia.com/,200,https://www.jewishencyclopedia.com/,JewishEncyclopedia.com,ok,,,
https://www.jewishinternetguide.com/,200,https://www.jewishinternetguide.com/,The Jewish Guide to the Internet,ok,,,
https://www.jewishinternetguide.com/JewishWebsiteCategories/Books,200,https://www.jewishinternetguide.com/JewishWebsiteCategories/Books,Jewish Internet,ok,,,
https://www.jmberlin.de/en/digitized-historical-magazines-and-present-day-academic-journals,200,https://www.jmberlin.de/en/digitized-historical-magazines-and-present-day-academic-journals,Digitized Historical Magazines and Present-Day Academic Journals | Jewish Museum Berlin,ok,,,
https://www.jmberlin.de/en/links-other-libraries-and-archives,200,https://www.jmberlin.de/en/links-other-libraries-and-archives,Links to Libraries and Archives | Jewish Museum Berlin,ok,,,
https://www.jstor.org/publisher/bjs,200,https://www.jstor.org/publisher/bjs,Client Challenge,ok,,,
https://www.jstor.org/subject/jewishstudies,200,https://www.jstor.org/subject/jewishstudies,Client Challenge,ok,,,
https://www.judaismunbound.com/podcast/episode-408-david-zvi-kalman,200,https://www.judaismunbound.com/podcast/episode-408-david-zvi-kalman,Judaism Unbound Episode 408: Jewish Artificial Intelligence – David Zvi Kalman — Judaism Unbound,ok,,,
https://www.lieberman-institute.com/,200,https://www.lieberman-institute.com/,עדי הנוסח- דף הבית,ok,,,
https://www.maanelashon.org/links,404,https://www.maanelashon.org/links,,dead-404,,,
https://www.magnespress.co.il/category/%D7%9E%D7%93%D7%A2%D7%99_%D7%94%D7%99%D7%94%D7%93%D7%95%D7%AA-76?format=ebook,200,https://www.magnespress.co.il/category/%D7%9E%D7%93%D7%A2%D7%99_%D7%94%D7%99%D7%94%D7%93%D7%95%D7%AA-76?format=ebook,Buy online ebooks on מדעי היהדות : magnespress.co.il,ok,,,
https://www.makorrishon.co.il/,200,https://www.makorrishon.co.il/,"מקור ראשון - חדשות, פרשנות, דעות וכתבות מגזין מהארץ ומהעולם",ok,,,
https://www.makorrishon.co.il/tag/%D7%9E%D7%95%D7%A1%D7%A3-%D7%A9%D7%91%D7%AA/,200,https://www.makorrishon.co.il/tag/50041,מוסף שבת - מקור ראשון,redirect,,,
https://www.mayim.org.il/publications/#gsc.tab=0,200,https://www.mayim.org.il/publications/#gsc.tab=0,מבוא למדרשים | מחלקי המים,ok,,,
https://www.mdpi.com/2075-471X/14/5/67,403,https://www.mdpi.com/2075-471X/14/5/67,Access Denied,blocked,,,
https://www.mdpi.com/2077-1444/15/3/375,403,https://www.mdpi.com/2077-1444/15/3/375,Access Denied,blocked,,,
https://www.midrash.eu/,200,https://www.midrash.eu/,MIDRASH,ok,,,
https://www.myjewishlearning.com/category/study/jewish-history/ancient-medieval-jewish-history/,200,https://www.myjewishlearning.com/category/study/jewish-history/ancient-medieval-jewish-history/,Ancient/Medieval Jewish History Archives | My Jewish Learning,ok,,,
https://www.nevo.co.il/Books.aspx?Type=1,200,https://www.nevo.co.il/FilesFolderPermalink.aspx?b=books&r=%d7%9b%d7%aa%d7%91%d7%99+%d7%a2%d7%aa,נבו - המאגר המשפטי - מדור כתבי עת,redirect,,,
https://www.nli.org.il/en/discover/judaism/jewish-bookshelf/zohar/scholem-card-catalog,403,https://www.nli.org.il/en/discover/judaism/jewish-bookshelf/zohar/scholem-card-catalog,Checking your browser...,blocked,,,
https://www.nli.org.il/en/newspapers/haretz/,403,https://www.nli.org.il/en/newspapers/haretz/,Checking your browser...,blocked,,,
https://www.nli.org.il/en/research-and-teach/catalogs/bibliographic-databases,403,https://www.nli.org.il/en/research-and-teach/catalogs/bibliographic-databases,Checking your browser...,blocked,,,
https://www.nli.org.il/he/at-your-service/document-delivery-service/scans-within-library,403,https://www.nli.org.il/he/at-your-service/document-delivery-service/scans-within-library,Checking your browser...,blocked,,,
https://www.nli.org.il/he/books/NNL_ALEPH001091556/NLI,403,https://www.nli.org.il/he/books/NNL_ALEPH001091556/NLI,Checking your browser...,blocked,,,
https://www.nli.org.il/he/research-and-teach/catalogs,403,https://www.nli.org.il/he/research-and-teach/catalogs,Checking your browser...,blocked,,,
https://www.nli.org.il/he/research-and-teach/catalogs/bibliographic-databases/rambi,403,https://www.nli.org.il/he/research-and-teach/catalogs/bibliographic-databases/rambi,Checking your browser...,blocked,,,
https://www.nli.org.il/he/research-and-teach/catalogs/bibliographic-databases/rambi/kiryat-sefer,403,https://www.nli.org.il/he/research-and-teach/catalogs/bibliographic-databases/rambi/kiryat-sefer,Checking your browser...,blocked,,,
https://www.otzar.org/mekuvan-mosdot.asp,200,https://www.otzar.org/mekuvan-mosdot.asp,××××¦×¨ ×××§×××,ok,,,
https://www.otzar.org/otzaren/indexeng.asp,200,https://www.otzar.org/otzaren/indexeng.asp,"156,000 Judaica books online. Otzar HaHochma is the world's largest digital library of 156,000 Judaic books / Jewish books /Sifrei Kodesh /Hebrew books encompassing all realms of Judaism and the Torah",ok,,,
https://www.oxfordbibliographies.com/obo/page/jewish-studies,403,https://academic.oup.com/oxford-bibliographies,Just a moment...,blocked,,,
https://www.qerovot18.com/,0,,,connection-refused,"ConnectionError: ('Connection aborted.', ConnectionResetError(10054, 'An existing connection was forcibly closed by the remote host', None, 10054, None))",,
https://www.rabbinicalassembly.org/sites/default/files/nevins_ai_moral_machines_and_halakha-final_1.pdf,200,https://www.rabbinicalassembly.org/sites/default/files/nevins_ai_moral_machines_and_halakha-final_1.pdf,,ok,,,
https://www.rabbinics.org/,200,https://www.rabbinics.org/,Sources | Rabbinics,ok,,,
https://www.researchgate.net/publication/380458244_The_Moral_Status_Of_Artificial_Intelligence_-_a_Jewish_Ethical_Perspective,403,https://www.researchgate.net/publication/380458244_The_Moral_Status_Of_Artificial_Intelligence_-_a_Jewish_Ethical_Perspective,ResearchGate - Temporarily Unavailable,blocked,,,
https://www.responsa.co.il/home.en-US.aspx,200,https://www.responsa.co.il/home.en-US.aspx,Online Responsa Project - vast Jewish sources,ok,,,
https://www.ruvik.co.il/%D7%A1%D7%99%D7%A4%D7%95%D7%A8%D7%99-%D7%9E%D7%99%D7%9C%D7%99%D7%9D.aspx,200,https://www.ruvik.co.il/%D7%A1%D7%99%D7%A4%D7%95%D7%A8%D7%99-%D7%9E%D7%99%D7%9C%D7%99%D7%9D.aspx,סיפורי מילים,ok,,,
https://www.saet.ac.uk/Judaism/AJewishTheologicalPerspectiveonTechnologyOrthodox,200,https://www.saet.ac.uk/Judaism/AJewishTheologicalPerspectiveonTechnologyOrthodox,A Jewish Theological Perspective on Technology (Orthodox) - St Andrews Encyclopaedia of Theology,ok,,,
https://www.safa-ivrit.org/links.php,200,https://www.safa-ivrit.org/links.php,השפה העברית - קישורים,ok,,,
https://www.safa-ivrit.org/site_map.php,200,https://www.safa-ivrit.org/site_map.php,השפה העברית - רשימת הנושאים,ok,,,
https://www.sefaria.org/Hafla'ah_ShebaArakhin_on_Sefer_HeArukh,200,https://www.sefaria.org.il/Hafla%27ah_ShebaArakhin_on_Sefer_HeArukh,הפלאה שבערכין על ספר הערוך | Sefaria Library,moved-host,,,
https://www.sefaria.org/Jastrow,200,https://www.sefaria.org.il/Jastrow,מילון יסטרוב | Sefaria Library,moved-host,,,
https://www.sefaria.org/Sefer_HeArukh,200,https://www.sefaria.org.il/Sefer_HeArukh,ספר הערוך | Sefaria Library,moved-host,,,
https://www.sefaria.org/ai,200,https://www.sefaria.org.il/ai,השימוש בבינה מלאכותית בספריא,moved-host,,,
https://www.sefaria.org/linker,200,https://www.sefaria.org.il/linker,מחולל קישורים לספריא | ספריא,moved-host,,,
https://www.sefaria.org/texts,200,https://www.sefaria.org.il/texts,ספריא: ספרייה חיה של טקסטים יהודיים,moved-host,,,
https://www.sefaria.org/texts/Mishnah/Modern%20Commentary%20on%20Mishnah/Mishnat%20Eretz%20Yisrael,200,https://www.sefaria.org.il/texts/Mishnah/Modern%20Commentary%20on%20Mishnah/Mishnat%20Eretz%20Yisrael,"משנה, פירושים מודרניים על המשנה, משנת ארץ ישראל | Sefaria Library",moved-host,,,
https://www.sefaria.org/texts/Talmud,200,https://www.sefaria.org.il/texts/Talmud,תלמוד | Sefaria Library,moved-host,,,
https://www.sefaria.org/texts/Talmud/Yerushalmi,200,https://www.sefaria.org.il/texts/Talmud/Yerushalmi,"תלמוד, ירושלמי | Sefaria Library",moved-host,,,
https://www.sefaria.org/topics/artificial-intelligence,200,https://www.sefaria.org.il/topics/artificial-intelligence,מקורות מתוך ספריית ספריא,moved-host,,,
https://www.sefarim.fr/hamore/ref-Sifria_Magazines_Revue%20des%20%E9tudes%20juives_65_145.aspx,200,https://www.sefarim.fr/hamore/ref-Sifria_Magazines_Revue%20des%20%E9tudes%20juives_65_145.aspx,Hamore,ok,,,
https://www.seforimchatter.com/2021/10/10/with-dr-ezra-chwat-discussing-the-rif-rav-yitzchak-alfasi-1013-1103-and-his-new-critical-edition/,200,https://seforimchatter.com/2021/10/10/with-dr-ezra-chwat-discussing-the-rif-rav-yitzchak-alfasi-1013-1103-and-his-new-critical-edition/,Seforim Chatter,redirect,,,
https://www.seforimchatter.com/podcasts/,200,https://seforimchatter.com/podcasts/,Seforim Chatter,redirect,,,
https://www.seforimchatter.com/tweets/,200,https://seforimchatter.com/tweets/,Seforim Chatter,redirect,,,
https://www.seforimonline.org/seforim-database/,403,https://www.gbo303-ac.com/,Just a moment...,blocked,,,
https://www.sup.org/zohar/aramaic/,200,https://www.sup.org/zohar/aramaic,Aramaic Texts to Accompany the Zohar | Stanford University Press,ok,,,
https://www.tabletmag.com/,403,https://www.tabletmag.com/,Just a moment...,blocked,,,
https://www.tabletmag.com/sections/history/articles/artificial-intelligence-18th-century-amsterdam,403,https://www.tabletmag.com/sections/history/articles/artificial-intelligence-18th-century-amsterdam,Just a moment...,blocked,,,
https://www.talmudyerushalmi.com/,200,https://www.talmudyerushalmi.com/,×ª×××× ××¨××©×××,ok,,,
https://www.tandfonline.com/doi/full/10.1080/14746700.2023.2294530,403,https://www.tandfonline.com/doi/full/10.1080/14746700.2023.2294530,Just a moment...,blocked,,,
https://www.tandfonline.com/doi/full/10.1080/14746700.2024.2436785,403,https://www.tandfonline.com/doi/full/10.1080/14746700.2024.2436785,Just a moment...,blocked,,,
https://www.tau.ac.il/sites/tau.ac.il.en/files/media_server/imported/508/files/2014/10/elior-25.11.2013.pdf,200,https://www.tau.ac.il/sites/tau.ac.il.en/files/media_server/imported/508/files/2014/10/elior-25.11.2013.pdf,,ok,,,
https://www.tekhelet.com/library/,200,https://www.tekhelet.com/library/,Library Search - Ptil Tekhelet,ok,,,
https://www.themercava.com/app/books/metanav/1695,200,https://www.themercava.com/app/books/metanav/1695,Mercava,ok,,,
https://www.thenewatlantis.com/publications/the-golem-and-the-limits-of-artifice,200,https://www.thenewatlantis.com/publications/the-golem-and-the-limits-of-artifice,The Golem and the Limits of Artifice — The New Atlantis,ok,,,
https://www.torahmusings.com/2023/06/is-an-ai-posek-kosher/,200,https://www.torahmusings.com/2023/06/is-an-ai-posek-kosher/,Is an AI Posek Kosher? - Torah Musings,ok,,,
https://www.torahmusings.com/2025/08/talmud-torah-in-the-age-of-ai/,200,https://www.torahmusings.com/2025/08/talmud-torah-in-the-age-of-ai/,Talmud Torah In the Age of AI - Torah Musings,ok,,,
https://www.torahmusings.com/topics/ai/,200,https://www.torahmusings.com/topics/ai/,AI Archives - Torah Musings,ok,,,
https://www.transkribus.org/hebrew-manuscript-transcription,200,https://www.transkribus.org/hebrew-manuscript-transcription,Hebrew Manuscript Transcription — AI Handwriting Recognition | Transkribus,ok,,,
https://www.ub.uni-frankfurt.de/judaica3/en/corona_en.html,200,https://www.jewishstudies.de/en/,,moved-host,,,
https://www.ybz.org.il/?CategoryID=287&SearchParam=,200,https://ybz.org.il/product-category/%d7%9b%d7%aa%d7%91-%d7%a2%d7%aa/?search_key=228,כתב-עת - יד יצחק בן־צבי,redirect,,,
https://www.ybz.org.il/?CategoryID=790,200,https://ybz.org.il/?CategoryID=790,"יד יצחק בן־צבי | מוסד ממלכתי למחקר, תרבות וחינוך",redirect,,,
https://www.ybz.org.il/cathedra/gilyonot,404,https://ybz.org.il/cathedra/gilyonot,Page not found - יד יצחק בן־צבי,dead-404,,,
https://www.yeshiva.org.il/midrash/57322,200,https://www.yeshiva.org.il/midrash/57322,,ok,,,
https://www.yeshiva.org.il/wiki/index.php/%D7%95%D7%99%D7%A7%D7%99%D7%A9%D7%99%D7%91%D7%94:%D7%90%D7%A0%D7%A6%D7%99%D7%A7%D7%9C%D7%95%D7%A4%D7%93%D7%99%D7%94_%D7%AA%D7%9C%D7%9E%D7%95%D7%93%D7%99%D7%AA,200,https://www.yeshiva.org.il/wiki/index.php/%D7%95%D7%99%D7%A7%D7%99%D7%A9%D7%99%D7%91%D7%94:%D7%90%D7%A0%D7%A6%D7%99%D7%A7%D7%9C%D7%95%D7%A4%D7%93%D7%99%D7%94_%D7%AA%D7%9C%D7%9E%D7%95%D7%93%D7%99%D7%AA,ויקישיבה:אנציקלופדיה תלמודית - ויקישיבה,ok,,,
https://www.yochai.wiki/chat,200,https://www.yochai.wiki/chat,Yochai — Jewish Learning Companion,ok,,,
https://www.youtube.com/c/AllDaf/videos,200,https://www.youtube.com/c/AllDaf/videos,,ok,,,
https://www.youtube.com/c/TorahinMotion/videos,200,https://www.youtube.com/c/TorahinMotion/videos,,ok,,,
https://www.youtube.com/c/barilanuniversity/videos,200,https://www.youtube.com/c/barilanuniversity/videos,,ok,,,
https://www.youtube.com/c/yadybenzvi/videos,200,https://www.youtube.com/c/yadybenzvi/videos,,ok,,,
https://www.youtube.com/channel/UCR6pKCe9d3jczqrMnOls4Pw/videos,200,https://www.youtube.com/channel/UCR6pKCe9d3jczqrMnOls4Pw/videos,,ok,,,
https://www.youtube.com/channel/UCZ04ugbTVoUm5W0b6j-YKGA/videos,200,https://www.youtube.com/channel/UCZ04ugbTVoUm5W0b6j-YKGA/videos,,ok,,,
https://www.youtube.com/channel/UCwLJ3A3MauDGLxLMIKuaqEQ/videos,200,https://www.youtube.com/channel/UCwLJ3A3MauDGLxLMIKuaqEQ/videos,,ok,,,
https://www.youtube.com/user/HebrewUniversity/videos,200,https://www.youtube.com/user/HebrewUniversity/videos,,ok,,,
https://www.youtube.com/user/NLI2010/videos,200,https://www.youtube.com/user/NLI2010/videos,,ok,,,
https://www.youtube.com/user/TheIsraelAcademy/featured,200,https://www.youtube.com/user/TheIsraelAcademy/featured,,ok,,,
https://www.youtube.com/user/TheIsraelAcademy/videos,200,https://www.youtube.com/user/TheIsraelAcademy/videos,,ok,,,
https://www.youtube.com/watch?v=CNIO2MsfeTo,200,https://www.youtube.com/watch?v=CNIO2MsfeTo,,ok,,,
https://www.youtube.com/watch?v=RY6biBCqjjk,200,https://www.youtube.com/watch?v=RY6biBCqjjk,,ok,,,
https://www.youtube.com/watch?v=q42F9-F17t8,200,https://www.youtube.com/watch?v=q42F9-F17t8,,ok,,,
https://www.yutorah.org/lectures/1119217/Artificial-Intelligence-and-Halacha,403,https://www.yutorah.org/lectures/1119217/Artificial-Intelligence-and-Halacha,Just a moment...,blocked,,,
https://www.yutorah.org/lectures/1119225/Ten-Reasons-Why-We-Cannot-Turn-to-AI-for-Psak:-Understanding-the-Nature-and-Philosophy-of-the-Halachic-Process,403,https://www.yutorah.org/lectures/1119225/Ten-Reasons-Why-We-Cannot-Turn-to-AI-for-Psak:-Understanding-the-Nature-and-Philosophy-of-the-Halachic-Process,Just a moment...,blocked,,,
https://www.zemirotdatabase.org/song_index.php,200,https://www.zemirotdatabase.org/song_index.php,Song Index,ok,,,
https://www.zohar-stories.com/,200,https://www.zohar-stories.com/,סיפורי הזוהר - מהדורה דיגיטלית,ok,,,
https://www2.biu.ac.il/Academics/phd_heb/index-JSn.html,200,https://www2.biu.ac.il/Academics/phd_heb/index-JSn.html,Academic Programs - Jewish studies(Hebrew),ok,,,
https://www2.biu.ac.il/js/tl/yerushalmi/index.html,200,https://www2.biu.ac.il/js/tl/yerushalmi/index.html,î÷áéìåú ìéøåùìîé,ok,,,
https://yerushalmidb.com/,200,https://yerushalmidb.com/,מערכת מידע התלמוד הירושלמי,ok,,,
https://yoelamital.com/%D7%9B%D7%9C%D7%9C%D7%99/%D7%98%D7%9B%D7%A0%D7%95%D7%9C%D7%95%D7%92%D7%99%D7%94-%D7%95%D7%94%D7%9C%D7%9B%D7%94/%D7%9B%D7%98-%D7%A4%D7%A1%D7%99%D7%A7%D7%AA-%D7%94%D7%9C%D7%9B%D7%94-%D7%A2%D7%9C-%D7%99%D7%93%D7%99-%D7%91%D7%99%D7%A0%D7%94-%D7%9E%D7%9C%D7%90%D7%9B%D7%95%D7%AA%D7%99%D7%AA/,200,https://yoelamital.com/%D7%9B%D7%9C%D7%9C%D7%99/%D7%98%D7%9B%D7%A0%D7%95%D7%9C%D7%95%D7%92%D7%99%D7%94-%D7%95%D7%94%D7%9C%D7%9B%D7%94/%D7%9B%D7%98-%D7%A4%D7%A1%D7%99%D7%A7%D7%AA-%D7%94%D7%9C%D7%9B%D7%94-%D7%A2%D7%9C-%D7%99%D7%93%D7%99-%D7%91%D7%99%D7%A0%D7%94-%D7%9E%D7%9C%D7%90%D7%9B%D7%95%D7%AA%D7%99%D7%AA/,לג. פסיקת הלכה על ידי בינה מלאכותית | שיעורי הרב יואל עמיטל,ok,,,
https://youtu.be/8ey_9QBvv2w,200,https://www.youtube.com/watch?v=8ey_9QBvv2w&feature=youtu.be,,moved-host,,,
https://youtu.be/bCwfzfU4AJI,200,https://www.youtube.com/watch?v=bCwfzfU4AJI&feature=youtu.be,,moved-host,,,
https://youtu.be/rsRBlTIdPxA,200,https://www.youtube.com/watch?v=rsRBlTIdPxA&feature=youtu.be,,moved-host,,,
https://youtu.be/tut007D6w3o,200,https://www.youtube.com/watch?v=tut007D6w3o&feature=youtu.be,,moved-host,,,
https://youtube.com/playlist?list=PLGQrWlI7O--7uHNeabUKagPJ5vcjOVoUm,200,https://www.youtube.com/playlist?list=PLGQrWlI7O--7uHNeabUKagPJ5vcjOVoUm,,redirect,,,
https://zenodo.org/records/17734473,200,https://zenodo.org/records/17734473,MiDRASH Automatic Transcriptions of the Cairo Geniza Fragments | Zenodo,ok,,,
https://zenodo.org/records/18732245,200,https://zenodo.org/records/18732245,MiDRASH Geniza 01 HTR model | Zenodo,ok,,,
http://www.qerovot18.com/index.aspx,200,http://www.qerovot18.com/index.aspx,Qerovot 18,ok,,,
https://seforimchatter.com/episodes,200,https://seforimchatter.com/episodes,Episodes | Seforim Chatter,ok,,,
https://www.jewishstudies.de/en/service/informationssammlung/digitale-angebote/digitale-angebote-judische-studien/,200,https://www.jewishstudies.de/en/service/informationssammlung/digitale-angebote/digitale-angebote-judische-studien/,,ok,,,
